id,address,city,province,postalCode,country,latitude,longitude,numBedroom,numBathroom,floorSizeValue,yearBuilt,propertyType,mostRecentEstimatedPriceAmount,mostRecentRentalPriceAmount
"7011-W-Parmer-Ln,-Austin,-TX-78729",,,,,,,,1.0,1.0,650.0,2000.0,Apartment,,
"5200-N-Lamar-Blvd,-Austin,-TX-78751",,,,,,,,1.0,1.0,505.0,1984.0,Single Family,,
"1301-W-5th-St,-Austin,-TX-78703",,,,,,,,1.0,1.0,735.0,2019.0,Apartment,,
"1044-Camino-Ln,-Costa,-Austin,-TX-78752",,,,,,,,1.0,1.0,563.0,1984.0,Apartment,,
"800-W-38th-St,-Austin,-TX-78705",,,,,,,,1.0,1.0,678.0,1997.0,Apartment,,
"8801-N-Fm-620-Rd,-Austin,-TX-78726",,,,,,,,1.0,1.0,692.0,1998.0,Apartment,,
"2104-E-Anderson-Ln,-Austin,-TX-78752",,,,,,,,1.0,1.0,399.0,1984.0,Apartment,,
"12430-Metric-Blvd,-Austin,-TX-78758",,,,,,,,1.0,1.0,664.0,2006.0,Apartment,,
"6500-Champion-Grandview-Way,-Austin,-TX-78750",,,,,,,,1.0,1.0,655.0,2004.0,Apartment,,
"2402-San-Gabriel-St,-Austin,-TX-78705",,,,,,,,,,,,Apartment,,
"1621-E-6th-St,-Austin,-TX-78702",,,,,,,,0.0,1.0,393.0,2018.0,Apartment,,
"1911-Willow-Creek-Dr,-Austin,-TX-78741",,,,,,,,1.0,1.0,710.0,1969.0,Apartment,,
"1611-W-5th-St,-Austin,-TX-78703",,,,,,,,0.0,1.0,591.0,2009.0,Apartment,,
"1720-W-Wells-Branch-Pkwy,-Austin,-TX-78728",,,,,,,,,,,1996.0,Apartment,,
"13145-N-Hwy,-183,-Austin,-TX-78750",,,,,,,,1.0,1.0,709.0,2007.0,Apartment,,
"6607-Brodie-Ln,-Austin,-TX-78745",,,,,,,,,,,1997.0,Apartment,,
"3816-S-Lamar-Blvd,-Austin,-TX-78704",,,,,,,,0.0,1.0,505.0,1984.0,Apartment,,
"1507-Kinney-Ave,-Austin,-TX-78704",,,,,,,,,1.0,,1982.0,Apartment,,
"1034-Clayton-Ln,-Austin,-TX-78723",,,,,,,,,2.0,,1998.0,Single Family,,
"1403-Norwalk-Ln,-Austin,-TX-78703",,,,,,,,1.0,1.0,682.0,1963.0,Apartment,,
"811-E-11th-St,-Austin,-TX-78702",,,,,,,,0.0,1.0,491.0,2013.0,Apartment,,
"2819-Foster-Ln,-Austin,-TX-78757",,,,,,,,,,,1979.0,Apartment,,
"1511-Faro-Dr,-Austin,-TX-78741",,,,,,,,,1.0,,1984.0,Apartment,,
"1908-W-Loop,-Apt-A,-Austin,-TX-78758",,,,,,,,2.0,1.0,977.0,,Multi-Family,,
"6263-Mcneil-Dr,-Austin,-TX-78729",,,,,,,,1.0,1.0,619.0,1996.0,Apartment,,
"8000-Decker-Ln,-Austin,-TX-78724",,,,,,,,,,,2004.0,Apartment,,
"1810-Adina-St,-Unit-B,-Austin,-TX-78721",,,,,,,,3.0,2.5,1495.0,,Multi-Family,,
"8312-Fathom-Cir,-Austin,-TX-78750",,,,,,,,,,,1984.0,Apartment,,
"7224-Northeast-Dr,-Austin,-TX-78723",,,,,,,,,,,1972.0,Apartment,,
"8001-S-Ih,---35,-Austin,-TX-78744",,,,,,,,,,,2014.0,Apartment,,
"9501-N-Fm-620-Rd,-Austin,-TX-78726",,,,,,,,1.0,1.0,680.0,2006.0,Apartment,,
"500-E-Anderson-Ln,-Austin,-TX-78752",,,,,,,,1.0,1.0,702.0,1967.0,Apartment,,
"9617-Great-Hills-Trl,-Austin,-TX-78759",,,,,,,,1.0,1.0,600.0,1984.0,Apartment,,
"625-E-Stassney-Ln,-Austin,-TX-78745",,,,,,,,1.0,1.0,700.0,2009.0,Apartment,,
"3621-W-Slaughter-Ln,-Austin,-TX-78749",,,,,,,,1.0,1.0,698.0,2012.0,Apartment,,
"8805-N-Plaza-Dr,-Austin,-TX-78753",,,,,,,,0.0,1.0,423.0,1978.0,Apartment,,
"111-Sandra-Muraida-Way,-Austin,-TX-78703",,,,,,,,1.0,1.0,656.0,2013.0,Apartment,,
"1300-Pleasant-Valley-Rd-S,-Austin,-TX-78741",,,,,,,,,,,1972.0,Apartment,,
"10600-Jollyville-Rd,-Austin,-TX-78759",,,,,,,,1.0,1.0,619.0,2017.0,Apartment,,
"460-Bastrop-Hwy-S,-Austin,-TX-78741",,,,,,,,3.0,2.0,981.0,2019.0,Apartment,,
"7000-E-Ben-White-Blvd,-Austin,-TX-78741",,,,,,,,2.0,2.0,,2016.0,Apartment,,
"1003-Justin-Ln,-Austin,-TX-78757",,,,,,,,,,,1984.0,Apartment,,
"300-West-Ave,-Austin,-TX-78701",,,,,,,,1.0,1.0,709.0,2001.0,Apartment,,
"2016-Park-Bend-Dr,-Austin,-TX-78758",,,,,,,,,,184900.0,1985.0,Multi-Family,,
"6600-Ed-Bluestein-Blvd,-Austin,-TX-78723",,,,,,,,2.0,2.0,1050.0,1985.0,Apartment,,
"1200-E-Parmer-Ln,-Austin,-TX-78753",,,,,,,,0.0,1.0,602.0,2013.0,Apartment,,
"700-Hearn-St,-Austin,-TX-78703",,,,,,,,1.0,1.0,,1974.0,Apartment,,
"7601-Rialto-Blvd,-Austin,-TX-78735",,,,,,,,1.0,1.0,754.0,2002.0,Apartment,,
"15510-Ranch-Road-620-Rd,-Austin,-TX-78717",,,,,,,,,,,2008.0,Apartment,,
"8701-Bluffstone-Cv,-Austin,-TX-78759",,,,,,,,2.0,1.0,1057.0,1998.0,Apartment,,
"2900-Sunridge-Dr,-Austin,-TX-78741",,,,,,,,,,,2001.0,Apartment,,
"8617-Spicewood-Springs-Rd,-Austin,-TX-78759",,,,,,,,,,,1987.0,Apartment,,
"8519-Cahill-Dr,-Austin,-TX-78729",,,,,,,,1.0,1.0,603.0,1986.0,Apartment,,
"8715-W-Hwy,-71,-Austin,-TX-78735",,,,,,,,1.0,1.0,795.0,2015.0,Apartment,,
"4100-W-Slaughter-Ln,-Austin,-TX-78749",,,,,,,,1.0,1.0,670.0,2007.0,Apartment,,
"7201-S-Congress-Ave,-Austin,-TX-78745",,,,,,,,1.0,1.0,700.0,2003.0,Apartment,,
"11011-Domain-Dr,-Austin,-TX-78758",,,,,,,,1.0,1.0,702.0,2009.0,Apartment,,
"815-W-Slaughter-Ln,-Austin,-TX-78748",,,,,,,,,,,1999.0,Apartment,,
"8001-Highway,-71-W,-Austin,-TX-78736",,,,,,,,2.0,,,1985.0,Apartment,,
"1845-River-Crossing-Cir,-Austin,-TX-78741",,,,,,,,2.0,1.0,1076.0,,Apartment,,
"201-Lavaca-St,-Austin,-TX-78701",,,,,,,,1.0,1.0,856.0,2004.0,Apartment,,
"8405-Old-Bee-Caves-Rd,-Austin,-TX-78735",,,,,,,,2.0,2.0,1083.0,2001.0,Apartment,,
"1127-Pearl-Retreat-Ln,-Austin,-TX-78753",,,,,,,,1.0,1.0,629.0,2019.0,Condo,,
"12101-N-Lamar-Blvd,-Austin,-TX-78753",,,,,,,,1.0,1.0,664.0,2018.0,Apartment,,
"2310-Wickersham-Ln,-Austin,-TX-78741",,,,,,,,1.0,1.0,514.0,1974.0,Apartment,,
"1717-Toomey-Rd,-Austin,-TX-78704",,,,,,,,1.0,1.0,646.0,2014.0,Apartment,,
"3501-Shoreline-Dr,-Austin,-TX-78728",,,,,,,,1.0,1.0,782.0,2001.0,Apartment,,
"1143-Shady-Ln,-Austin,-TX-78721",,,,,,,,0.0,1.0,583.0,2018.0,Apartment,,
"11301-Farrah-Ln,-Austin,-TX-78748",,,,,,,,1.0,1.0,648.0,2013.0,Apartment,,
"13201-Legendary-Dr,-Austin,-TX-78727",,,,,,,,1.0,1.0,668.0,2016.0,Apartment,,
"2126-Goodrich-Ave,-Austin,-TX-78704",,,,,,,,,,,2019.0,Apartment,,
"5705-Diehl-Trl,-Austin,-TX-78727",,,,,,,,1.0,1.0,713.0,2017.0,Apartment,,
"507-Pressler-St,-Austin,-TX-78703",,,,,,,,0.0,1.0,664.0,2009.0,Apartment,,
"5020-Manor-Rd,-Austin,-TX-78723",,,,,,,,0.0,1.0,220.0,,Apartment,,
"9009-N-Fm-620-Rd,-Austin,-TX-78726",,,,,,,,1.0,1.0,711.0,2001.0,Apartment,,
"3101-Wells-Branch-Pkwy,-Austin,-TX-78728",,,,,,,,1.0,1.0,707.0,1995.0,Apartment,,
"3101-Shoreline-Dr,-Austin,-TX-78728",,,,,,,,,,,1986.0,Townhouse,,
"1909-Rio-Grande-St,-Austin,-TX-78705",,,,,,,,,,,2018.0,Apartment,,
"1630-E-6th-St,-Austin,-TX-78702",,,,,,,,0.0,1.0,355.0,2017.0,Apartment,,
"2810-Hemphill-Park,-Austin,-TX-78705",,,,,,,,3.0,2.0,1065.0,2003.0,Apartment,,
"5400-N-Lamar-Blvd,-Austin,-TX-78751",,,,,,,,1.0,1.0,648.0,2014.0,Apartment,,
"2430-Cromwell-Cir,-Austin,-TX-78741",,,,,,,,1.0,1.0,603.0,1979.0,Apartment,,
"1901-Onion-Creek-Pkwy,-Austin,-TX-78748",,,,,,,,1.0,1.0,680.0,2008.0,Apartment,,
"1915-Wells-Branch-Pkwy,-Austin,-TX-78728",,,,,,,,1.0,1.0,600.0,1984.0,Apartment,,
"12638-Ridgeline-Blvd,-Austin,-TX-78613",,,,,,,,,,,2019.0,Apartment,,
"5708-W-Parmer-Ln,-Austin,-TX-78727",,,,,,,,1.0,1.0,785.0,2016.0,Apartment,,
"10727-Domain-Dr,-Austin,-TX-78758",,,,,,,,0.0,1.0,504.0,2019.0,Apartment,,
"10505-S-Interstate-Hwy,-35,-Austin,-TX-78747",,,,,,,,1.0,1.0,,,Apartment,,
"833-Fairfield-Dr,-Austin,-TX-78758",,,,,,,,2.0,1.0,793.0,1983.0,Apartment,,
"11210-FM-2222,-Austin,-TX-78730",,,,,,,,,,,2014.0,Apartment,,
"1801-Fortview-Rd,-Austin,-TX-78704",,,,,,,,1.0,1.0,525.0,1970.0,Apartment,,
"1900-Onion-Creek-Pkwy,-Austin,-TX-78748",,,,,,,,1.0,1.0,582.0,2015.0,Apartment,,
"6280-Mcneil-Ranch-Dr,-Austin,-TX-78729",,,,,,,,,,,1998.0,Apartment,,
"2900-Century-Park-Blvd,-Austin,-TX-78727",,,,,,,,1.0,1.0,839.0,2005.0,Apartment,,
"4800-Steiner-Ranch-Blvd,-Austin,-TX-78732",,,,,,,,1.0,1.0,670.0,2010.0,Apartment,,
"1620-E-Riverside-Dr,-Austin,-TX-78741",,,,,,,,0.0,1.0,631.0,2010.0,Apartment,,
"15433-FM-1325,-Austin,-TX-78728",,,,,,,,1.0,1.0,700.0,2016.0,Apartment,,
"14745-Merriltown-Rd,-Austin,-TX-78728",,,,,,,,2.0,,,1999.0,Single Family,,
"9520-9521-Spectrum-Dr,-Austin,-TX-78717",,,,,,,,,,,2013.0,Apartment,,
"8800-Highway,-290-W,-Austin,-TX-78736",,,,,,,,1.0,1.0,,2010.0,Apartment,,
"4821-Riverside-Dr-E,-Austin,-TX-78741",,,,,,,,,,,1973.0,Apartment,,
"10127-Middle-Fiskville-Rd,-Austin,-TX-78753",,,,,,,,1.0,1.0,728.0,2018.0,Apartment,,
"3503-Speedway,-Austin,-TX-78705",,,,,,,,1.0,1.0,,1961.0,Apartment,,
"1701-Oak-Hill-Ln,-Austin,-TX-78744",,,,,,,,1.0,1.0,625.0,2016.0,Apartment,,
"1300-E-Riverside-Dr,-Austin,-TX-78741",,,,,,,,0.0,1.0,623.0,2013.0,Apartment,,
"1200-1201-Broadmoor-Dr,-Austin,-TX-78723",,,,,,,,,,,1969.0,Apartment,,
"11600-11634-Argonne-Forest-Trl,-Austin,-TX-78759",,,,,,,,3.0,2.0,,1984.0,Apartment,,
"3100-Kramer-Ln,-Austin,-TX-78758",,,,,,,,1.0,1.0,677.0,2016.0,Apartment,,
"801-Sugaree-Ave,-Austin,-TX-78757",,,,,,,,1.0,1.0,642.0,2018.0,Apartment,,
"1901-E-Anderson-Ln,-Austin,-TX-78752",,,,,,,,1.0,1.0,560.0,1975.0,Apartment,,
"739-William-Cannon-Dr-W,-Austin,-TX-78745",,,,,,,,2.0,,,1984.0,Apartment,,
"4320-Congress-Ave-S,-Austin,-TX-78745",,,,,,,,,,,1983.0,Apartment,,
"10101-W-Parmer-Ln,-Austin,-TX-78717",,,,,,,,1.0,1.0,610.0,2000.0,Apartment,,
"3801-S-Congress-Ave,-Austin,-TX-78704",,,,,,,,2.0,2.0,1221.0,,Single Family,,
"8505-8525-Shoal-Creek-Blvd,-Austin,-TX-78757",,,,,,,,,,,,Apartment,,
"10001-S-1st-St,-Austin,-TX-78748",,,,,,,,1.0,1.0,556.0,2008.0,Apartment,,
"609-Clayton-Ln,-Austin,-TX-78752",,,,,,,,0.0,1.0,529.0,2017.0,Apartment,,
"13635-Rutledge-Spur,-Austin,-TX-78717",,,,,,,,1.0,2.0,,2016.0,Apartment,,
"8200-8220-Research-Blvd,-Austin,-TX-78758",,,,,,,,,,,1970.0,Apartment,,
"4306-N-Quinlan-Park-Rd,-Austin,-TX-78732",,,,,,,,2.0,2.0,1139.0,2016.0,Single Family,,
"9500-Alice-Mae-Ln,-Austin,-TX-78748",,,,,,,,0.0,1.0,,2018.0,Apartment,,
"10011-Stonelake-Blvd,-Austin,-TX-78759",,,,,,,,1.0,1.0,608.0,2014.0,Apartment,,
"8300-Bluff-Springs-Rd,-Austin,-TX-78744",,,,,,,,1.0,1.0,666.0,2018.0,Apartment,,
"715-W-Slaughter-Ln,-Austin,-TX-78748",,,,,,,,1.0,1.0,648.0,2015.0,Apartment,,
"6107-E-Riverside-Dr,-Austin,-TX-78741",,,,,,,,1.0,1.0,591.0,2019.0,Apartment,,
"7227-Highway,-290-E,-Austin,-TX-78723",,,,,,,,,1.0,,1984.0,Apartment,,
"1400-Rio-Grande-St,-Austin,-TX-78701",,,,,,,,0.0,1.0,,1970.0,Apartment,,
"10600-Brezza-Ln,-Austin,-TX-78748",,,,,,,,1.0,1.0,768.0,2017.0,Townhouse,,
"12433-Dessau-Rd,-Austin,-TX-78754",,,,,,,,,1.0,,2017.0,Apartment,,
"3400-Harmon-Ave,-Austin,-TX-78705",,,,,,,,2.0,2.0,1195.0,2014.0,Apartment,,
"9821-N-Lake-Creek-Pkwy,-Austin,-TX-78717",,,,,,,,1.0,1.0,598.0,2019.0,Apartment,,
"7581-Chevy-Chase-Dr,-Austin,-TX-78752",,,,,,,,1.0,1.0,603.0,1972.0,Apartment,,
"7624-Tecoma-Cir,-Austin,-TX-78735",,,,,,,,1.0,1.0,806.0,2015.0,Apartment,,
"2600-Lake-Austin-Blvd,-Austin,-TX-78703",,,,,,,,1.0,1.0,658.0,1996.0,Apartment,,
"1301-W-Lynn-St,-Austin,-TX-78703",,,,,,,,1.0,1.0,,,Apartment,,
"10301-Farm-market-Rd-2222-Rd,-Austin,-TX-78730",,,,,,,,,,,1989.0,Apartment,,
"1730-1730-E-Oltorf-St,-Austin,-TX-78741",,,,,,,,,,,1981.0,Apartment,,
"1831-Wells-Branch-Pkwy,-Austin,-TX-78728",,,,,,,,,,,1986.0,Apartment,,
"2915-Aftonshire-Way,-Austin,-TX-78748",,,,,,,,1.0,1.0,524.0,1986.0,Apartment,,
"9801-W-Parmer-Ln,-Austin,-TX-78717",,,,,,,,,,,1996.0,Single Family,,
"3500-N-Capital-Of-Tx-Hwy,-Austin,-TX-78746",,,,,,,,,,,2008.0,Apartment,,
"8312-N-Interstate-35,-Austin,-TX-78753",,,,,,,,,,,1979.0,Apartment,,
"501-E-Oltorf-St,-Austin,-TX-78704",,,,,,,,1.0,1.0,559.0,2012.0,Apartment,,
"9219-Anderson-Mill-Rd,-Austin,-TX-78729",,,,,,,,1.0,1.0,,1983.0,Apartment,,
"8801-La-Cresada-Dr,-Austin,-TX-78749",,,,,,,,1.0,1.0,800.0,2001.0,Apartment,,
"7631-Us-Hwy,-290-W,-Austin,-TX-78736",,,,,,,,2.0,2.0,1055.0,2000.0,Apartment,,
"5604-Southwest-Pkwy,-Austin,-TX-78735",,,,,,,,,,,1998.0,Apartment,,
"4411-Spicewood-Springs-Rd,-Austin,-TX-78759",,,,,,,,1.0,1.0,906.0,1994.0,Apartment,,
"7500-W-Slaughter-Ln,-Austin,-TX-78749",,,,,,,,1.0,1.0,903.0,2019.0,Apartment,,
"1119-Alterra-Pkwy,-Austin,-TX-78758",,,,,,,,1.0,1.0,,2015.0,Apartment,,
"3226-W-Slaughter-Ln,-Austin,-TX-78748",,,,,,,,,,,2016.0,Apartment,,
"1910-Willow-Creek-Dr,-Austin,-TX-78741",,,,,,,,,,,1971.0,Single Family,,
"8601-Anderson-Mill-Rd,-Austin,-TX-78729",,,,,,,,1.0,1.0,630.0,2007.0,Apartment,,
"2223-Waterloo-City-Ln,-Austin,-TX-78741",,,,,,,,0.0,1.0,412.0,2013.0,Apartment,,
"2504-San-Gabriel-St,-Austin,-TX-78705",,,,,,,,0.0,1.0,,2016.0,Apartment,,
"3001-Esperanza-Xing,-Austin,-TX-78758",,,,,,,,0.0,1.0,497.0,2014.0,Apartment,,
"101-Colorado-St,-Austin,-TX-78701",,,,,,,,1.0,1.0,969.0,2009.0,Apartment,,
"3715-S-1st-St,-Austin,-TX-78704",,,,,,,,1.0,1.0,668.0,2013.0,Apartment,,
"6701-Burnet-Rd,-Austin,-TX-78757",,,,,,,,1.0,1.0,555.0,2016.0,Condo,,
"811-W-Slaughter-Ln,-Austin,-TX-78748",,,,,,,,1.0,1.0,640.0,,Apartment,,
"1911-1911-Willow-Creek-Dr,-Austin,-TX-78741",,,,,,,,,1.0,,,Apartment,,
"5406-Middle-Fiskville-Rd,-Austin,-TX-78751",,,,,,,,0.0,1.0,510.0,2019.0,Apartment,,
"13355-N-Us-Hwy,-183,-Austin,-TX-78750",,,,,,,,,,,2001.0,Apartment,,
"8900-N-Interstate-35,-Austin,-TX-78753",,,,,,,,1.0,1.0,442.0,1982.0,Apartment,,
"6401-Rialto-Blvd,-Austin,-TX-78735",,,,,,,,1.0,1.0,772.0,2016.0,Apartment,,
"2910-Medical-Arts-St,-Austin,-TX-78705",,,,,,,,2.0,2.0,950.0,,Apartment,,
"2317-S-Pleasant-Valley-Rd,-Austin,-TX-78741",,,,,,,,1.0,1.0,577.0,1984.0,Apartment,,
"3215-Exposition-Blvd,-Austin,-TX-78703",,,,,,,,2.0,2.0,,2017.0,Apartment,,
"701-Woodward-St,-Austin,-TX-78704",,,,,,,,2.0,1.5,771.0,1989.0,Apartment,,
"8712-Old-Manor-Rd,-Austin,-TX-78724",,,,,,,,1.0,1.0,662.0,2017.0,Apartment,,
"1801-Rio-Grande-St,-Austin,-TX-78701",,,,,,,,1.0,1.0,580.0,1973.0,Apartment,,
"1833-Cheddar-Loop,-Austin,-TX-78728",,,,,,,,,,,2013.0,Apartment,,
"2801-Wells-Branch-Pkwy,-Austin,-TX-78728",,,,,,,,1.0,1.0,698.0,1998.0,Single Family,,
"6934-E-Ben-White-Blvd,-Austin,-TX-78741",,,,,,,,1.0,1.0,850.0,2015.0,Apartment,,
"11701-Metric-Blvd,-Austin,-TX-78758",,,,,,,,1.0,1.0,481.0,1985.0,Apartment,,
"2716-Barton-Creek-Blvd,-Austin,-TX-78735",,,,,,,,1.0,1.0,775.0,1998.0,Apartment,,
"7330-Bluff-Springs-Rd,-Austin,-TX-78744",,,,,,,,1.0,1.0,750.0,2016.0,Apartment,,
"12148-Jollyville-Rd,-Austin,-TX-78759",,,,,,,,1.0,1.0,562.0,1986.0,Single Family,,
"4400-Ave-A,-Austin,-TX-78751",,,,,,,,0.0,1.0,,1972.0,Apartment,,
"11711-Domain-Dr,-Austin,-TX-78758",,,,,,,,0.0,1.0,531.0,2016.0,Apartment,,
"7607-Blessing-Ave,-Austin,-TX-78752",,,,,,,,2.0,1.0,,2000.0,Apartment,,
"1000-1004-San-Marcos-St,-Austin,-TX-78702",,,,,,,,,,,2007.0,Apartment,,
"4210-Red-River-St,-Austin,-TX-78751",,,,,,,,1.0,1.0,,1970.0,Apartment,,
"7880-Us-290-Hwy-W,-Austin,-TX-78736",,,,,,,,,,,2018.0,Apartment,,
"405-E-31st-St,-Austin,-TX-78705",,,,,,,,,1.0,,1962.0,Apartment,,
"1735-Rutland-Dr,-Austin,-TX-78758",,,,,,,,1.0,1.0,550.0,1984.0,Apartment,,
"1801-Wells-Branch-Pkwy,-Austin,-TX-78728",,,,,,,,1.0,1.0,547.0,1984.0,Townhouse,,
"7900-San-Felipe-Blvd,-Austin,-TX-78729",,,,,,,,1.0,1.0,550.0,1985.0,Apartment,,
"2601-Esperanza-Xing,-Austin,-TX-78758",,,,,,,,,,,2015.0,Single Family,,
"761-Trinity-Hills-Dr,-Austin,-TX-78737",,,,,,,,,,,2015.0,Apartment,,
"9826-N-Lake-Creek-Pkwy,-Austin,-TX-78717",,,,,,,,1.0,1.0,743.0,2014.0,Apartment,,
"420-Slaughter-Ln-W,-Austin,-TX-78748",,,,,,,,,,,2007.0,Apartment,,
"8701-W-Parmer-Ln,-Austin,-TX-78729",,,,,,,,1.0,1.0,792.0,2002.0,Apartment,,
"9345-E-State-Hwy,-290,-Austin,-TX-78724",,,,,,,,,,,2006.0,Apartment,,
"610-W-30th-St,-Austin,-TX-78705",,,,,,,,1.0,1.0,,1966.0,Apartment,,
"12113-Dessau-Rd,-Austin,-TX-78754",,,,,,,,1.0,1.0,692.0,2020.0,Condo,,
"9300-Northgate-Blvd,-Austin,-TX-78758",,,,,,,,,,,1973.0,Apartment,,
"3001-Scofield-Ridge-Pkwy,-Austin,-TX-78727",,,,,,,,1.0,1.0,634.0,2019.0,Apartment,,
"8021-N-Fm-620-Rd,-Austin,-TX-78726",,,,,,,,1.0,1.0,692.0,2001.0,Apartment,,
"11441-N-Ih-35,-Austin,-TX-78753",,,,,,,,,,,1986.0,Apartment,,
"E-5th-St-And-Waller-St,-Austin,-TX-78702",,,,,,,,,,,2019.0,Apartment,,
"4646-Mueller-Blvd,-Austin,-TX-78723",,,,,,,,1.0,1.0,629.0,2013.0,Apartment,,
"2511-W-Braker-Ln,-Austin,-TX-78758",,,,,,,,0.0,1.0,468.0,2019.0,Apartment,,
"9971-Quail-Blvd,-Austin,-TX-78758",,,,,,,,,,,1985.0,Apartment,,
"3050-Tamarron-Blvd,-Austin,-TX-78746",,,,,,,,2.0,2.0,1108.0,1994.0,Single Family,,
"3544-Ranch-Rd,-620-S,-Austin,-TX-78738",,,,,,,,,,,2014.0,Apartment,,
"2208-N-FM-620,-Austin,-TX-78734",,,,,,,,,,,2018.0,Apartment,,
"8810-Tallwood-Dr,-Austin,-TX-78759",,,,,,,,1.0,1.0,700.0,1974.0,Apartment,,
"422-W-Riverside-Dr,-Austin,-TX-78704",,,,,,,,1.0,1.0,497.0,2016.0,Apartment,,
"2401-Aldrich-St,-Austin,-TX-78723",,,,,,,,1.0,1.0,699.0,2017.0,Apartment,,
"4600-W-Guadalupe-St,-Austin,-TX-78751",,,,,,,,0.0,1.0,612.0,2005.0,Apartment,,
"1200-Mearns-Meadow-Blvd,-Austin,-TX-78758",,,,,,,,1.0,1.0,545.0,1984.0,Apartment,,
"9811-Copper-Creek-Dr,-Austin,-TX-78729",,,,,,,,0.0,1.0,437.0,1996.0,Apartment,,
"1500-S-Lamar-Blvd,-Austin,-TX-78704",,,,,,,,0.0,1.0,401.0,2012.0,Apartment,,
"5401-E-Parmer-Ln,-Austin,-TX-78754",,,,,,,,1.0,1.0,675.0,2019.0,Apartment,,
"3320-Harmon-Ave,-Austin,-TX-78705",,,,,,,,1.0,1.0,699.0,2016.0,Apartment,,
"11028-Jollyville-Rd,-Austin,-TX-78759",,,,,,,,,,,1983.0,Apartment,,
"7707-S-Interstate-35-Hwy,-Austin,-TX-78744",,,,,,,,,,,2001.0,Apartment,,
"9239-Amberglen-Blvd,-Austin,-TX-78729",,,,,,,,1.0,1.0,760.0,2017.0,Apartment,,
"8000-Highway,-290-W,-Austin,-TX-78736",,,,,,,,1.0,1.0,608.0,2016.0,Apartment,,
"3625-Duval-Rd,-Austin,-TX-78759",,,,,,,,1.0,1.0,692.0,1995.0,Apartment,,
"2515-Elmont-Dr,-Austin,-TX-78741",,,,,,,,1.0,1.0,529.0,2017.0,Apartment,,
"8818-Travis-Hills-Dr,-Austin,-TX-78735",,,,,,,,1.0,1.0,807.0,2005.0,Apartment,,
"12531-W-State-Hwy,-71,-Austin,-TX-78738",,,,,,,,,,,2007.0,Apartment,,
"1302-24th-St-W,-Austin,-TX-78705",,,,,,,,1.0,1.0,,1968.0,Apartment,,
"1800-E-Stassney-Ln,-Austin,-TX-78744",,,,,,,,2.0,2.0,950.0,1984.0,Apartment,,
"7655-N-Ranch-Rd,-620,-Austin,-TX-78726",,,,,,,,,,,2001.0,Apartment,,
"8515-S-Interstate-35,---35,-Austin,-TX-78744",,,,,,,,,,,2008.0,Apartment,,
"6511-Melrose-Trl,-Austin,-TX-78727",,,,,,,,2.0,2.0,900.0,1984.0,Apartment,,
"10500-S-Interstate-35,-Austin,-TX-78748",,,,,,,,3.0,2.0,1367.0,2020.0,Apartment,,
"9024-Northgate-Blvd,-Austin,-TX-78758",,,,,,,,1.0,1.0,484.0,2011.0,Apartment,,
"11015-Four-Points-Dr,-Austin,-TX-78726",,,,,,,,1.0,1.0,,2017.0,Apartment,,
"3209-S-Interstate-35,---35,-Austin,-TX-78741",,,,,,,,,,,1980.0,Apartment,,
"13535-Lyndhurst-St,-Austin,-TX-78717",,,,,,,,0.0,1.0,599.0,2016.0,Apartment,,
"401-Guadalupe-St,-Austin,-TX-78701",,,,,,,,1.0,1.0,818.0,2019.0,Apartment,,
"1221-Algarita-Ave,-Austin,-TX-78704",,,,,,,,1.0,1.0,664.0,1971.0,Apartment,,
"601-W-11th-St,-Austin,-TX-78701",,,,,,,,1.0,1.0,696.0,1959.0,Apartment,,
"1845-Burton-Dr,-Austin,-TX-78741",,,,,,,,0.0,1.0,500.0,1972.0,Apartment,,
"13425-N-FM-620,-Austin,-TX-78717",,,,,,,,1.0,1.0,,2001.0,Single Family,,
"2301-S-Mo-Pac-Expy,-Austin,-TX-78746",,,,,,,,1.0,1.0,,,Single Family,,
"7500-S-Interstate-35,-Austin,-TX-78745",,,,,,,,,,,2013.0,Apartment,,
"12408-Dessau-Rd,-Austin,-TX-78754",,,,,,,,1.0,1.0,633.0,2019.0,Apartment,,
"8600-FM-620-N,-Austin,-TX-78726",,,,,,,,,,,2002.0,Apartment,,
"6701-Rialto-Blvd,-Austin,-TX-78735",,,,,,,,0.0,1.0,548.0,2018.0,Apartment,,
"110-San-Antonio-St,-Austin,-TX-78701",,,,,,,,0.0,1.0,504.0,2015.0,Apartment,,
"1601-Royal-Crest-Dr,-Austin,-TX-78741",,,,,,,,,,,,Apartment,,
"6601-Rialto-Blvd,-Austin,-TX-78735",,,,,,,,1.0,1.0,752.0,2017.0,Apartment,,
"615-Wonsley-Dr-E,-Austin,-TX-78753",,,,,,,,1.0,1.0,,1968.0,Apartment,,
"11624-Jollyville-Rd,-Austin,-TX-78759",,,,,,,,,,,1996.0,Apartment,,
"918-920-E-40th-St,-Austin,-TX-78751",,,,,,,,0.0,1.0,,1969.0,Apartment,,
"115-Sandra-Muraida-Way,-Austin,-TX-78703",,,,,,,,1.0,1.0,620.0,2009.0,Apartment,,
"3220-Duval-Rd,-Austin,-TX-78759",,,,,,,,1.0,1.0,513.0,1986.0,Apartment,,
"4701-Staggerbrush-Rd,-Austin,-TX-78749",,,,,,,,0.0,1.0,498.0,1995.0,Apartment,,
"11400-Domain-Dr,-Austin,-TX-78758",,,,,,,,0.0,1.0,498.0,2007.0,Apartment,,
"1201-Lady-Bird-Ln,-Austin,-TX-78741",,,,,,,,0.0,1.0,378.0,2015.0,Apartment,,
"2101-Burton-Dr,-Austin,-TX-78741",,,,,,,,1.0,1.0,700.0,1973.0,Apartment,,
"1020-45th-St-E,-Austin,-TX-78751",,,,,,,,,1.0,,1968.0,Apartment,,
"13500-Lyndhurst-St,-Austin,-TX-78717",,,,,,,,0.0,1.0,504.0,2019.0,Apartment,,
"2239-Cromwell-Cir,-Austin,-TX-78741",,,,,,,,1.0,1.0,575.0,1986.0,Apartment,,
"11001-S-1st-St,-Austin,-TX-78748",,,,,,,,1.0,1.0,695.0,2012.0,Apartment,,
"2200-W-North-Loop-Blvd,-Austin,-TX-78756",,,,,,,,1.0,1.0,700.0,1971.0,Apartment,,
"333-E-Slaughter-Ln,-Austin,-TX-78744",,,,,,,,,,,2003.0,Apartment,,
"4818-Berkman-Dr,-Austin,-TX-78723",,,,,,,,1.0,1.0,615.0,2017.0,Apartment,,
"3401-W-Parmer-Ln,-Austin,-TX-78727",,,,,,,,1.0,1.0,650.0,1995.0,Apartment,,
"4009-Victory-Dr,-Austin,-TX-78704",,,,,,,,0.0,1.0,396.0,1984.0,Apartment,,
"4413-Speedway,-Austin,-TX-78751",,,,,,,,1.0,1.0,,1968.0,Apartment,,
"10800-Lakeline-Blvd,-Austin,-TX-78717",,,,,,,,1.0,1.0,657.0,2012.0,Apartment,,
"10500-Lakeline-Mall-Dr,-Austin,-TX-78717",,,,,,,,1.0,1.0,775.0,2014.0,Condo,,
"4700-N-Capital-Of-Texas-Hwy,-Austin,-TX-78746",,,,,,,,1.0,1.0,777.0,2003.0,Apartment,,
"300-E-Riverside-Dr,-Apt-203,-Austin,-TX-78704",,,,,,,,1.0,1.0,692.0,,Apartment,,
"8818-Travis-Hills-Dr,-Apt-526,-Austin,-TX-78735",,,,,,,,3.0,2.0,1327.0,,Apartment,,
"6307-Bluff-Springs-Rd,-Apt-827,-Austin,-TX-78744",,,,,,,,2.0,2.0,1116.0,,Condo,,
"8800-S-1st-St,-Austin,-TX-78748",,,,,,,,1.0,1.0,695.0,2015.0,Apartment,,
"3200-S-1st-St,-Apt-106,-Austin,-TX-78704",,,,,,,,1.0,1.0,672.0,,Apartment,,
"4500-Steiner-Ranch-Blvd,-Austin,-TX-78732",,,,,,,,1.0,1.0,1054.0,2010.0,Apartment,,
"10800-Lakeline-Blvd,-Unit-301,-Austin,-TX-78717",,,,,,,,2.0,2.0,1205.0,,Apartment,,
"10707-Lake-Creek-Pkwy,-Apt-302,-Austin,-TX-78750",,,,,,,,3.0,2.0,1064.0,,Condo,,
"507-Pressler-St,-Unit-77442,-Austin,-TX-78703",,,,,,,,1.0,1.0,786.0,,Condo,,
"10307-Morado-Cv,-Apt-101,-Austin,-TX-78759",,,,,,,,1.0,1.0,640.0,,Apartment,,
"1007-S-Congress-Ave,-Austin,-TX-78704",,,,,,,,1.0,1.0,735.0,1999.0,Apartment,,
"3300-W-Wells-Branch-Pkwy,-Austin,-TX-78728",,,,,,,,,,,2015.0,Apartment,,
"311-Bowie-St,-Austin,-TX-78703",,,,,,,,1.0,1.0,703.0,2015.0,Apartment,,
"4719-Harmon-Ave,-Austin,-TX-78751",,,,,,,,1.0,1.0,550.0,1962.0,Apartment,,
"4546-Ave-A,-Austin,-TX-78751",,,,,,,,0.0,1.0,,1968.0,Apartment,,
"10610-Morado-Cir,-Apt-201,-Austin,-TX-78759",,,,,,,,2.0,2.0,820.0,,Apartment,,
"4305-Duval-St,-Apt-202,-Austin,-TX-78751",,,,,,,,2.0,2.0,935.0,,Condo,,
"311-Bowie-St,-Unit-100742,-Austin,-TX-78703",,,,,,,,2.0,2.0,1502.0,2014.0,Apartment,,
"1020-E-45th-St,-Apt-201,-Austin,-TX-78751",,,,,,,,2.0,1.0,832.0,,Condo,,
"3501-S-1st-St,-Apt-101,-Austin,-TX-78704",,,,,,,,1.0,1.0,630.0,,Apartment,,
"8615-Rockwood-Ln,-Apt-102,-Austin,-TX-78757",,,,,,,,1.0,2.0,925.0,,Apartment,,
"3111-Parker-Ln,-Apt-103,-Austin,-TX-78741",,,,,,,,1.0,1.0,474.0,,Apartment,,
"1500-Royal-Crest-Dr,-Apt-207,-Austin,-TX-78741",,,,,,,,2.0,2.0,1026.0,,Condo,,
"10011-Stonelake-Blvd,-Unit-1018920,-Austin,-TX-78759",,,,,,,,2.0,2.0,1144.0,,Apartment,,
"3214-Crosscreek-Dr,-Apt-102,-Austin,-TX-78757",,,,,,,,2.0,1.5,1100.0,,Townhouse,,
"1903-Anita-Dr,-Apt-1,-Austin,-TX-78704",,,,,,,,0.0,1.0,,,Apartment,,
"1221-S-Congress-Ave,-Apt-1332,-Austin,-TX-78704",,,,,,,,1.0,1.0,699.0,,Apartment,,
"2336-Douglas-St,-Apt-106,-Austin,-TX-78741",,,,,,,,1.0,1.0,672.0,,Apartment,,
"127-E-Riverside-Dr,-Apt-202,-Austin,-TX-78704",,,,,,,,2.0,2.0,1158.0,,Apartment,,
"2412-Richcreek-Rd,-Apt-105,-Austin,-TX-78757",,,,,,,,0.0,1.0,400.0,,Apartment,,
"2801-Skyway-Cir,-Apt-103,-Austin,-TX-78704",,,,,,,,1.0,1.5,1806.0,1968.0,Apartment,,
"1304-Summer-Oak-Dr,-Austin,-TX-78704",,,,,,,,1.0,1.0,630.0,1978.0,Apartment,,
"2400-E-6th-St,-Austin,-TX-78702",,,,,,,,0.0,1.0,518.0,2018.0,Apartment,,
"2311-S-5th-St,-Apt-102,-Austin,-TX-78704",,,,,,,,1.0,1.0,679.0,,Apartment,,
"501-West-Ave,-Apt-2802,-Austin,-TX-78701",,,,,,,,1.0,1.5,846.0,2018.0,Condo,,
"2401-E-9th-St,-Unit-B,-Austin,-TX-78702",,,,,,,,4.0,2.0,2268.0,2003.0,Single Family,,
"7171-Southwest-Pkwy,-Austin,-TX-78735",,,,,,,,2.0,1.0,,2017.0,Apartment,,
"4616-Triangle-Ave,-Austin,-TX-78751",,,,,,,,3.0,2.0,1347.0,2008.0,Townhouse,,
"3400-Shoreline-Dr,-Austin,-TX-78728",,,,,,,,1.0,1.0,647.0,2001.0,Apartment,,
"6400-Vioitha-Dr,-Unit-A,-Austin,-TX-78723",,,,,,,,2.0,1.0,796.0,1972.0,Single Family,,
"1904-Alex-Ave-Apt-A,-Austin,-TX-78728",,,,,,,,3.0,2.0,1000.0,1993.0,Multi-Family,,
"214-W-William-Cannon-Dr,-Unit-B,-Austin,-TX-78745",,,,,,,,3.0,2.0,108.0,,Condo,,
"15450-Farm-To-Market-Rd,---1325,-Austin,-TX-78728",,,,,,,,3.0,2.0,,,Apartment,,
"2202-Enfield-Rd,-Apt-106,-Austin,-TX-78703",,,,,,,,2.0,1.0,700.0,,Apartment,,
"109-W-38th-St,-Unit-B,-Austin,-TX-78705",,,,,,,,4.0,2.0,1868.0,2000.0,Single Family,,
"1904-W-Loop,-Apt-B,-Austin,-TX-78758",,,,,,,,2.0,1.0,959.0,,Apartment,,
"3401-Val-Dr,-Unit-A,-Austin,-TX-78723",,,,,,,,2.0,1.0,1672.0,1980.0,Multi-Family,,
"2807-Saint-Edwards-Cir,-Austin,-TX-78704",,,,,,,,3.0,3.0,2083.0,1968.0,Multi-Family,,
"7413-Old-Bee-Caves-Rd,-Austin,-TX-78735",,,,,,,,3.0,2.0,,,Apartment,,
"2202-Enfield-Rd,---212,-Austin,-TX-78703",,,,,,,,2.0,1.0,900.0,,Apartment,,
"110-N-Cuernavaca-Dr,-Austin,-TX-78733",,,,,,,,4.0,3.0,2795.0,1985.0,Single Family,,
"6508-S-First-St,-Austin,-TX-78745",,,,,,,,1.0,1.0,691.0,1971.0,Condo,,
"4719-Harmon-Ave,-Unit-30422,-Austin,-TX-78751",,,,,,,,2.0,1.0,,1962.0,Apartment,,
"2101-Elmont-Dr,-Unit-30513,-Austin,-TX-78741",,,,,,,,2.0,1.0,,1985.0,Apartment,,
"515-E-Slaughter-Ln,-Unit-29778,-Austin,-TX-78744",,,,,,,,1.0,1.0,,2016.0,Apartment,,
"4525-Guadalupe-St,-Unit-28327,-Austin,-TX-78751",,,,,,,,2.0,2.0,,2016.0,Apartment,,
"2606-Enfield-Rd,-Unit-26023,-Austin,-TX-78703",,,,,,,,2.0,2.0,,1960.0,Apartment,,
"5800-Wellington-Dr,-Unit-29947,-Austin,-TX-78723",,,,,,,,2.0,1.0,,1969.0,Apartment,,
"6811-Great-Northern-Blvd,-Unit-25339,-Austin,-TX-78757",,,,,,,,0.0,1.0,,1971.0,Apartment,,
"2101-Elmont-Dr,-Unit-30518,-Austin,-TX-78741",,,,,,,,1.0,1.0,,1985.0,Apartment,,
"126-W-Alpine-St,-Unit-25208,-Austin,-TX-78704",,,,,,,,1.0,1.0,,1979.0,Apartment,,
"2101-Elmont-Dr,-Unit-30505,-Austin,-TX-78741",,,,,,,,1.0,1.0,,1985.0,Apartment,,
"700-Hearn-St,-Unit-16074,-Austin,-TX-78703",,,,,,,,1.0,1.0,,1974.0,Apartment,,
"3400-Lynridge-Dr,-Austin,-TX-78723",,,,,,,,1.0,1.0,488.0,1985.0,Apartment,,
"2606-Enfield-Rd,-Unit-26019,-Austin,-TX-78703",,,,,,,,1.0,1.0,,1960.0,Apartment,,
"1111-Thurgood-Cir,-Austin,-TX-78721",,,,,,,,3.0,2.0,1237.0,,Single Family,,
"2215-E-51st-St,-Unit-28795,-Austin,-TX-78723",,,,,,,,2.0,1.0,,1967.0,Apartment,,
"2101-Elmont-Dr,-Unit-30514,-Austin,-TX-78741",,,,,,,,2.0,2.0,,1985.0,Apartment,,
"2101-Elmont-Dr,-Unit-30519,-Austin,-TX-78741",,,,,,,,2.0,2.0,,1985.0,Apartment,,
"8400-Beech-Dr,-Austin,-TX-78758",,,,,,,,1.0,1.0,525.0,1968.0,Apartment,,
"5609-Cougar-Dr,-Austin,-TX-78745",,,,,,,,2.0,1.0,708.0,1983.0,Apartment,,
"901-And-903-Springdale-Rd,-Austin,-TX-78702",,,,,,,,0.0,1.0,437.0,1965.0,Apartment,,
"2705-Manor-Rd,-Unit-25065,-Austin,-TX-78722",,,,,,,,1.0,1.0,495.0,1973.0,Apartment,,
"2101-Elmont-Dr,-Unit-30516,-Austin,-TX-78741",,,,,,,,3.0,2.0,,1985.0,Apartment,,
"4525-Guadalupe-St,-Unit-28331,-Austin,-TX-78751",,,,,,,,2.0,2.0,,2016.0,Apartment,,
"2606-Enfield-Rd,-Unit-26026,-Austin,-TX-78703",,,,,,,,2.0,2.0,,1960.0,Apartment,,
"4719-Harmon-Ave,-Unit-28840,-Austin,-TX-78751",,,,,,,,1.0,1.0,,1962.0,Apartment,,
"515-E-Slaughter-Ln,-Unit-29788,-Austin,-TX-78744",,,,,,,,2.0,2.0,,2016.0,Apartment,,
"2101-Elmont-Dr,-Unit-30504,-Austin,-TX-78741",,,,,,,,1.0,1.0,,1985.0,Apartment,,
"2705-Manor-Rd,-Unit-25066,-Austin,-TX-78722",,,,,,,,0.0,1.0,391.0,1973.0,Apartment,,
"1329-W-Mary-St,-Unit-16400,-Austin,-TX-78704",,,,,,,,1.0,1.0,,1977.0,Apartment,,
"4525-Guadalupe-St,-Unit-28326,-Austin,-TX-78751",,,,,,,,1.0,1.0,,2016.0,Apartment,,
"700-Hearn-St,-Unit-24600,-Austin,-TX-78703",,,,,,,,0.0,1.0,,1974.0,Apartment,,
"515-E-Slaughter-Ln,-Unit-29779,-Austin,-TX-78744",,,,,,,,1.0,1.0,,2016.0,Apartment,,
"4400-Ave-B,-Unit-31852,-Austin,-TX-78751",,,,,,,,0.0,1.0,,1971.0,Apartment,,
"5800-Wellington-Dr,-Unit-29945,-Austin,-TX-78723",,,,,,,,2.0,2.0,,1969.0,Apartment,,
"2101-Elmont-Dr,-Unit-30502,-Austin,-TX-78741",,,,,,,,0.0,1.0,,1985.0,Apartment,,
"2101-Elmont-Dr,-Unit-30522,-Austin,-TX-78741",,,,,,,,0.0,1.0,,1985.0,Apartment,,
"2101-Elmont-Dr,-Unit-30515,-Austin,-TX-78741",,,,,,,,2.0,2.0,,1985.0,Apartment,,
"2101-Elmont-Dr,-Unit-629,-Austin,-TX-78741",,,,,,,,1.0,1.0,,1985.0,Apartment,,
"515-E-Slaughter-Ln,-Unit-29775,-Austin,-TX-78744",,,,,,,,1.0,1.0,,2016.0,Apartment,,
"4400-Ave-B,-Unit-31853,-Austin,-TX-78751",,,,,,,,2.0,1.0,,1971.0,Apartment,,
"2101-Elmont-Dr,-Unit-30524,-Austin,-TX-78741",,,,,,,,2.0,2.0,,1985.0,Apartment,,
"515-E-Slaughter-Ln,-Unit-29784,-Austin,-TX-78744",,,,,,,,2.0,2.0,,2016.0,Apartment,,
"2101-Elmont-Dr,-Unit-30517,-Austin,-TX-78741",,,,,,,,0.0,1.0,,1985.0,Apartment,,
"4525-Guadalupe-St,-Unit-28330,-Austin,-TX-78751",,,,,,,,2.0,2.0,,2016.0,Apartment,,
"2101-Elmont-Dr,-Unit-30506,-Austin,-TX-78741",,,,,,,,1.0,1.0,,1985.0,Apartment,,
"2101-Elmont-Dr,-Unit-30520,-Austin,-TX-78741",,,,,,,,2.0,2.0,,1985.0,Apartment,,
"2606-Enfield-Rd,-Unit-26020,-Austin,-TX-78703",,,,,,,,2.0,1.0,,1960.0,Apartment,,
"1329-W-Mary-St,-Unit-16402,-Austin,-TX-78704",,,,,,,,1.0,1.0,,1977.0,Apartment,,
"2101-Elmont-Dr,-Unit-30525,-Austin,-TX-78741",,,,,,,,1.0,1.0,,1985.0,Apartment,,
"515-E-Slaughter-Ln,-Unit-29783,-Austin,-TX-78744",,,,,,,,2.0,2.0,,2016.0,Apartment,,
"126-W-Alpine-St,-Unit-25209,-Austin,-TX-78704",,,,,,,,1.0,1.0,,1979.0,Apartment,,
"4525-Guadalupe-St,-Unit-28329,-Austin,-TX-78751",,,,,,,,2.0,2.0,,2016.0,Apartment,,
"515-E-Slaughter-Ln,-Unit-29776,-Austin,-TX-78744",,,,,,,,1.0,1.0,,2016.0,Apartment,,
"2606-Enfield-Rd,-Unit-26018,-Austin,-TX-78703",,,,,,,,1.0,1.0,,1960.0,Apartment,,
"4525-Guadalupe-St,-Unit-28325,-Austin,-TX-78751",,,,,,,,1.0,1.0,,2016.0,Apartment,,
"4525-Guadalupe-St,-Unit-28324,-Austin,-TX-78751",,,,,,,,1.0,1.0,,2016.0,Apartment,,
"4525-Guadalupe-St,-Unit-28328,-Austin,-TX-78751",,,,,,,,2.0,2.0,,2016.0,Apartment,,
"2215-E-51st-St,-Unit-28794,-Austin,-TX-78723",,,,,,,,1.0,1.0,,1967.0,Apartment,,
"2606-Enfield-Rd,-Unit-26025,-Austin,-TX-78703",,,,,,,,2.0,2.0,,1960.0,Apartment,,
"1329-W-Mary-St,-Unit-16401,-Austin,-TX-78704",,,,,,,,1.0,1.0,650.0,1977.0,Apartment,,
"2101-Elmont-Dr,-Unit-30503,-Austin,-TX-78741",,,,,,,,1.0,1.0,,1985.0,Apartment,,
"2101-Elmont-Dr,-Unit-30512,-Austin,-TX-78741",,,,,,,,2.0,1.0,,1985.0,Apartment,,
"515-E-Slaughter-Ln,-Unit-29789,-Austin,-TX-78744",,,,,,,,2.0,2.0,,2016.0,Apartment,,
"126-W-Alpine-St,-Unit-21682,-Austin,-TX-78704",,,,,,,,0.0,1.0,,1979.0,Apartment,,
"2101-Elmont-Dr,-Unit-30523,-Austin,-TX-78741",,,,,,,,1.0,1.0,,1985.0,Apartment,,
"1329-W-Mary-St,-Unit-16403,-Austin,-TX-78704",,,,,,,,2.0,1.0,820.0,1977.0,Apartment,,
"3601-N-Hills-Dr,-Apt-C,-Austin,-TX-78731",,,,,,,,2.0,1.5,1000.0,,Multi-Family,,
"1907-San-Gabriel-St,-Apt-204,-Austin,-TX-78705",,,,,,,,1.0,1.0,400.0,1965.0,Condo,,
"2401-Manor-Rd,-Austin,-TX-78722",,,,,,,,2.0,1.0,820.0,1963.0,Condo,,
"4300-Acropolis-Ct,-Apt-B,-Austin,-TX-78759",,,,,,,,2.0,1.0,768.0,,Multi-Family,,
"4300-Acropolis-Ct,-Apt-A,-Austin,-TX-78759",,,,,,,,2.0,1.0,768.0,1982.0,Multi-Family,,
"2606-Enfield-Rd,-Unit-26024,-Austin,-TX-78703",,,,,,,,2.0,2.0,,1960.0,Apartment,,
"1212-Bonnie-Brae-St,-Unit-B,-Austin,-TX-78753",,,,,,,,3.0,2.0,960.0,1981.0,Multi-Family,,
"805-W-28-1-2-St,-Austin,-TX-78705",,,,,,,,4.0,2.0,1604.0,1935.0,Single Family,,
"3115-Helms-sunchase-St,---216,-Austin,-TX-78705",,,,,,,,2.0,2.0,900.0,,Single Family,,
"2404-Longview-shadow-Hl,---101,-Austin,-TX-78705",,,,,,,,1.0,1.0,600.0,,Condo,,
"4300-Acropolis-Ct,-Apt-C,-Austin,-TX-78759",,,,,,,,2.0,1.0,768.0,,Multi-Family,,
"710-E-Dean-Keeton-St,-Apt-202,-Austin,-TX-78705",,,,,,,,0.0,1.0,399.0,1973.0,Condo,,
"2815-Rio-Grande-107,---107,-Austin,-TX-78705",,,,,,,,1.0,1.0,450.0,,Single Family,,
"1809-Palma-Plz,-Unit-B,-Austin,-TX-78703",,,,,,,,2.0,2.0,1032.0,2004.0,Single Family,,
"1010-W-23rd-St,-Austin,-TX-78705",,,,,,,,1.0,1.0,425.0,1975.0,Single Family,,
"214-Barton-Springs-Rd,-Austin,-TX-78704",,,,,,,,0.0,1.0,623.0,2014.0,Apartment,,
"2206-E-9th-St,-Unit-B,-Austin,-TX-78702",,,,,,,,2.0,2.0,805.0,2016.0,Single Family,,
"2529-Rio-Grande-St,-Apt-79,-Austin,-TX-78705",,,,,,,,2.0,1.5,782.0,1977.0,Apartment,,
"7202-Twin-Crest-Dr,-Apt-101,-Austin,-TX-78752",,,,,,,,2.0,1.5,903.0,1969.0,Multi-Family,,
"1210-Em-Franklin--Back-Ave-Unit-B,-Austin,-TX-78721",,,,,,,,2.0,1.5,900.0,2006.0,Condo,,
"7202-Twin-Crest-Dr,-Apt-103,-Austin,-TX-78752",,,,,,,,1.0,1.0,903.0,,Apartment,,
"301-West-Ave,-Austin,-TX-78701",,,,,,,,1.0,1.0,700.0,2018.0,Townhouse,,
"1000-W-26th-St,-Austin,-TX-78705",,,,,,,,0.0,1.0,400.0,,Apartment,,
"3304-Tom-Green-St,-Apt-A,-Austin,-TX-78705",,,,,,,,4.0,2.0,2917.0,,Multi-Family,,
"1101-Maufrais-St,-Apt-B,-Austin,-TX-78703",,,,,,,,1.0,1.0,850.0,1938.0,Multi-Family,,
"3414-3436-Willowrun-Dr,-Austin,-TX-78704",,,,,,,,1.0,1.0,700.0,1969.0,Apartment,,
"409-W-38th-St,-Apt-309,-Austin,-TX-78705",,,,,,,,1.0,1.0,415.0,,Apartment,,
"302-E-34th-St,-Apt-105,-Austin,-TX-78705",,,,,,,,1.0,1.0,438.0,1950.0,Apartment,,
"4209-Ave-B,-Apt-209,-Austin,-TX-78751",,,,,,,,1.0,1.0,409.0,,Apartment,,
"4306-Ave-B,-Austin,-TX-78751",,,,,,,,3.0,2.5,4804.0,1958.0,Multi-Family,,
"3304-Tom-Green-St,-Apt-B,-Austin,-TX-78705",,,,,,,,1.0,1.0,700.0,1959.0,Multi-Family,,
"5201-Tahoe-Trl,-Apt-2,-Austin,-TX-78745",,,,,,,,1.0,1.0,425.0,1983.0,Multi-Family,,
"415-Thelma-Dr,-Unit-B,-Austin,-TX-78745",,,,,,,,2.0,2.0,950.0,1981.0,Multi-Family,,
"5203-Tahoe-Trl,-Apt-6,-Austin,-TX-78745",,,,,,,,1.0,1.0,2544.0,,Single Family,,
"2630-Gwendolyn-Ln,-Apt-B,-Austin,-TX-78748",,,,,,,,2.0,2.0,1200.0,1994.0,Multi-Family,,
"1000-Morrow-St,-Unit-A,-Austin,-TX-78757",,,,,,,,2.0,2.0,1548.0,2014.0,Multi-Family,,
"117-Beneteau-Dr,-Austin,-TX-78738",,,,,,,,3.0,2.0,2422.0,2016.0,Condo,,
"2901-San-Jacinto-Blvd,-Austin,-TX-78705",,,,,,,,1.0,1.0,650.0,,Single Family,,
"11915-Stonehollow-Dr,-Apt-222,-Austin,-TX-78758",,,,,,,,2.0,1.0,912.0,,Apartment,,
"2302-Fuzz-Fairway,-Apt-B,-Austin,-TX-78728",,,,,,,,3.0,2.0,1050.0,1986.0,Multi-Family,,
"3621-W-Slaughter-Ln,-Unit-192,-Austin,-TX-78749",,,,,,,,1.0,1.0,910.0,,Apartment,,
"3111-Parker-Ln,-Apt-126,-Austin,-TX-78741",,,,,,,,1.0,1.0,564.0,,Apartment,,
"2823-E-Martin-Luther-King-Jr-Blvd,-Unit-155,-Austin,-TX-78702",,,,,,,,1.0,1.0,755.0,,Apartment,,
"3809-S-Congress-Ave,-Apt-222,-Austin,-TX-78704",,,,,,,,1.0,1.0,674.0,,Apartment,,
"3111-Parker-Ln,-Apt-246,-Austin,-TX-78741",,,,,,,,2.0,1.0,832.0,,Apartment,,
"13425-Ranch-Rd,-620-N-Apt-222,-Austin,-TX-78717",,,,,,,,2.0,2.0,955.0,,Apartment,,
"10101-S-1st-St,-Apt-233,-Austin,-TX-78748",,,,,,,,2.0,1.0,910.0,,Apartment,,
"115-W-Koenig-Ln,-Apt-111,-Austin,-TX-78751",,,,,,,,2.0,2.0,706.0,,Apartment,,
"2316-Enfield-Rd,-Apt-104,-Austin,-TX-78703",,,,,,,,2.0,2.5,1494.0,1968.0,Townhouse,,
"2719-W-Slaughter-Ln,-Apt-B,-Austin,-TX-78748",,,,,,,,2.0,2.0,1001.0,,,,
"2800-Bartons-Bluff-Ln,-Apt-510,-Austin,-TX-78746",,,,,,,,2.0,2.0,1036.0,1985.0,Apartment,,
"2420-E-6th-St,-Austin,-TX-78702",,,,,,,,1.0,1.0,688.0,2017.0,Condo,,
"612-Blanco-St,-Unit-C,-Austin,-TX-78703",,,,,,,,0.0,1.0,408.0,2002.0,Single Family,,
"2008-W-Loop,-Apt-D,-Austin,-TX-78758",,,,,,,,2.0,1.0,3908.0,1982.0,Multi-Family,,
"2102-Brackenridge-St,-Unit-A,-Austin,-TX-78704",,,,,,,,1.0,1.0,600.0,1960.0,Single Family,,
"2800-Bartons-Bluff-Ln,-Apt-1202,-Austin,-TX-78746",,,,,,,,2.0,2.0,1048.0,,Apartment,,
"2800-Bartons-Bluff-Ln,-Apt-1002,-Austin,-TX-78746",,,,,,,,2.0,2.0,953.0,,Apartment,,
"2006-Pennsylvania-Ave-Unit-A,-Austin,-TX-78702",,,,,,,,3.0,2.0,1350.0,1935.0,Single Family,,
"3100-Burleson-Rd,-Unit-B,-Austin,-TX-78741",,,,,,,,3.0,1.0,1130.0,1963.0,Multi-Family,,
"1612-Airedale-Rd,-Austin,-TX-78748",,,,,,,,3.0,2.5,1736.0,,Single Family,,
"7607-Watson-St,-Unit-2,-Austin,-TX-78757",,,,,,,,2.0,2.5,1078.0,2019.0,Single Family,,
"601-Puerta-Vallarta-Ln,-Austin,-TX-78748",,,,,,,,3.0,2.0,1843.0,2019.0,Single Family,,
"2100-Via,-Fortuna,-Austin,-TX-78746",,,,,,,,2.0,2.0,1094.0,1995.0,Condo,,
"500-W-51st-St,-Unit-A,-Austin,-TX-78751",,,,,,,,3.0,2.5,1724.0,2013.0,Condo,,
"2529-Rio-Grande-St,-Apt-73,-Austin,-TX-78705",,,,,,,,2.0,2.0,1005.0,,Single Family,,
"2410-E-6th-St,-Austin,-TX-78702",,,,,,,,2.0,2.0,1210.0,2017.0,Condo,,
"5108-Lott-Ave,-Austin,-TX-78721",,,,,,,,2.0,1.0,624.0,1958.0,Single Family,,
"2314-Parker-Ln,-Apt-2,-Austin,-TX-78741",,,,,,,,1.0,1.0,16900.0,1967.0,Apartment,,
"2308-Cedrick-Cv,-Apt-B,-Austin,-TX-78748",,,,,,,,2.0,1.0,780.0,,Multi-Family,,
"600-W-51st-St,-Apt-103,-Austin,-TX-78751",,,,,,,,2.0,1.0,750.0,1965.0,Condo,,
"4709-Harmon-Ave,-Austin,-TX-78751",,,,,,,,1.0,1.0,400.0,,Apartment,,
"9201-Simmons-Rd,-Austin,-TX-78759",,,,,,,,2.0,2.0,,,Apartment,,
"1038-E-43rd-St,---B,-Austin,-TX-78751",,,,,,,,3.0,3.0,,,Apartment,,
"5902-Emerald-Forest-Dr,-Unit-A,-Austin,-TX-78745",,,,,,,,2.0,1.0,823.0,1973.0,Multi-Family,,
"807-W-Lynn-St,-Apt-117,-Austin,-TX-78703",,,,,,,,2.0,1.0,850.0,,Condo,,
"608-Old-Manchaca-Rd,-Austin,-TX-78748",,,,,,,,2.0,1.0,,1956.0,Multi-Family,,
"2800-Swisher-Ave,-Austin,-TX-78705",,,,,,,,1.0,1.0,,,Apartment,,
"3304-Red-River-St,-Austin,-TX-78705",,,,,,,,1.0,1.0,525.0,,Apartment,,
"3800-Allegro-Lugar-St,-Austin,-TX-78749",,,,,,,,1.0,1.0,,1963.0,Apartment,,
"11917-Oak-Knoll-Dr,-Ste-F,-Austin,-TX-78759",,,,,,,,3.0,3.5,1700.0,,Apartment,,
"408-W-38-1-2-St,-Austin,-TX-78705",,,,,,,,4.0,2.0,,,Apartment,,
"8625-Fireside-Dr,-Austin,-TX-78757",,,,,,,,1.0,1.0,,,Apartment,,
"504-Hummingbird-Ln,-Austin,-TX-78734",,,,,,,,4.0,4.0,,2014.0,Apartment,,
"5305-Indio-Dr,-Austin,-TX-78745",,,,,,,,2.0,2.0,,1983.0,Apartment,,
"300-W-37th-St,-Austin,-TX-78705",,,,,,,,5.0,2.0,1560.0,1932.0,Apartment,,
"915-E-41st-St,-Austin,-TX-78751",,,,,,,,1.0,1.0,,,Apartment,,
"923-E-41st-St,-Austin,-TX-78751",,,,,,,,2.0,1.0,,1970.0,Apartment,,
"610-W-51st-St,-Austin,-TX-78751",,,,,,,,2.0,1.0,,1965.0,Apartment,,
"1903-Prairie-Knoll-Ct,-Unit-A,-Austin,-TX-78758",,,,,,,,2.0,2.0,950.0,1983.0,Multi-Family,,
"6613-Woodrow-Ave,-Austin,-TX-78757",,,,,,,,2.0,2.0,1100.0,2020.0,Condo,,
"2408-Leon-St,-Apt-107,-Austin,-TX-78705",,,,,,,,1.0,1.0,553.0,2008.0,Apartment,,
"5811-Mesa-Dr,-Austin,-TX-78731",,,,,,,,1.0,1.0,846.0,1992.0,Apartment,,
"105-W-38th-1-2-St,-Apt-111,-Austin,-TX-78751",,,,,,,,1.0,1.0,,1973.0,Apartment,,
"1211-E-5th-St,-Austin,-TX-78702",,,,,,,,0.0,1.0,324.0,2019.0,Apartment,,
"2408-Leon-St,-Apt-218,-Austin,-TX-78705",,,,,,,,3.0,2.0,891.0,1965.0,Apartment,,
"2408-Leon-Ave,-Unit-303,-Austin,-TX-78705",,,,,,,,1.0,1.0,553.0,1965.0,Apartment,,
"1415-Valleyridge-Dr,-Unit-A,-Austin,-TX-78704",,,,,,,,2.0,1.0,1976.0,,,,
"6201-Felix-Ave-Unit-A,-Austin,-TX-78741",,,,,,,,2.0,2.5,1178.0,2016.0,Single Family,,
"409-W-38th-St,-Ste-102,-Austin,-TX-78705",,,,,,,,4.0,1.0,12834.0,,Apartment,,
"3422-Willowrun-Dr,-Apt-4,-Austin,-TX-78704",,,,,,,,2.0,1.0,3244.0,1969.0,Multi-Family,,
"2450-Wickersham-Ln,-Apt-1006,-Austin,-TX-78741",,,,,,,,2.0,2.0,1060.0,,Condo,,
"901-Springdale-Rd,-Apt-103,-Austin,-TX-78702",,,,,,,,,1.0,437.0,,Apartment,,
"2320-Gracy-Farms-Ln,-Austin,-TX-78758",,,,,,,,1.0,1.0,1192.0,2002.0,Condo,,
"3203-Helms-St,-Apt-205,-Austin,-TX-78705",,,,,,,,1.0,1.0,650.0,1965.0,Apartment,,
"11454-Ptarmigan,-Austin,-TX-78758",,,,,,,,2.0,2.0,,1981.0,Apartment,,
"3011-Matador-Dr,-Unit-A,-Austin,-TX-78741",,,,,,,,2.0,1.0,952.0,,Single Family,,
"2408-Leon-St,-Apt-117,-Austin,-TX-78705",,,,,,,,4.0,4.0,1710.0,2008.0,Apartment,,
"4911-Cana-Cv,-Apt-B,-Austin,-TX-78749",,,,,,,,3.0,2.5,1200.0,,,,
"1610-Enfield-Rd,-Apt-106,-Austin,-TX-78703",,,,,,,,1.0,1.0,650.0,,Apartment,,
"8705-Schick-Rd,-Apt-A,-Austin,-TX-78729",,,,,,,,2.0,1.5,950.0,1984.0,Townhouse,,
"8005-Hood-Cir,-Unit-A,-Austin,-TX-78745",,,,,,,,2.0,1.5,1090.0,1979.0,Multi-Family,,
"5605-Roosevelt-Ave-Unit-A,-Austin,-TX-78756",,,,,,,,3.0,2.0,1492.0,,Condo,,
"1915-Barge-St,-Unit-202,-Austin,-TX-78745",,,,,,,,3.0,1.0,793.0,1967.0,Condo,,
"3403-Grooms-St,-Austin,-TX-78705",,,,,,,,3.0,2.0,1248.0,,Townhouse,,
"1610-Enfield-Rd,-Apt-306,-Austin,-TX-78703",,,,,,,,1.0,1.0,650.0,,Apartment,,
"2207-Leon-St,-Apt-309,-Austin,-TX-78705",,,,,,,,2.0,2.0,829.0,1971.0,Condo,,
"2506-Dana-Cv,-Unit-B,-Austin,-TX-78746",,,,,,,,2.0,2.0,1000.0,1979.0,Single Family,,
"1613-W-Braker-Ln,-Unit-A,-Austin,-TX-78758",,,,,,,,2.0,1.5,988.0,1980.0,Condo,,
"1908-Albury-Cv,-Apt-B,-Austin,-TX-78758",,,,,,,,2.0,2.0,1144.0,1983.0,Condo,,
"801-W-5th-St,-Apt-2602,-Austin,-TX-78703",,,,,,,,1.0,1.0,888.0,,Condo,,
"3110-Red-River-St,-Apt-112,-Austin,-TX-78705",,,,,,,,0.0,1.0,450.0,2015.0,Condo,,
"1903-David-St,-Unit-A,-Austin,-TX-78705",,,,,,,,4.0,2.0,1929.0,1950.0,Single Family,,
"4803-Duval-St,-Unit-A,-Austin,-TX-78751",,,,,,,,3.0,2.0,2586.0,2007.0,Multi-Family,,
"4307-Caswell-Ave-Apt-B,-Austin,-TX-78751",,,,,,,,2.0,2.0,1100.0,,Single Family,,
"2101-Elmont-Dr,-Apt-101,-Austin,-TX-78741",,,,,,,,1.0,1.0,625.0,,Apartment,,
"3110-Red-River-St,-Apt-109,-Austin,-TX-78705",,,,,,,,0.0,1.0,400.0,2015.0,Condo,,
"401-Nelray-Blvd,-Unit-B,-Austin,-TX-78751",,,,,,,,2.0,2.0,3247.0,2004.0,Single Family,,
"10801-S-Ih-35,-Apt-201,-Austin,-TX-78747",,,,,,,,1.0,1.0,811.0,,Apartment,,
"401-Nelray-Blvd,-Unit-A,-Austin,-TX-78751",,,,,,,,6.0,4.5,3247.0,2004.0,Single Family,,
"810-W-32nd-St,-Apt-B,-Austin,-TX-78705",,,,,,,,4.0,3.0,2945.0,1910.0,Multi-Family,,
"3101-Tom-Green-St,-Apt-104,-Austin,-TX-78705",,,,,,,,1.0,1.0,400.0,1967.0,Apartment,,
"14700-Catarina-Way,-Austin,-TX-78717",,,,,,,,3.0,2.5,1912.0,2016.0,Condo,,
"8103-Willet-Trl,-Unit-B,-Austin,-TX-78745",,,,,,,,2.0,2.0,1206.0,1996.0,Single Family,,
"11806-Bracco-Dr,-Austin,-TX-78748",,,,,,,,3.0,2.5,1918.0,2019.0,Condo,,
"1108-Delano-St,-Austin,-TX-78721",,,,,,,,3.0,2.0,1092.0,2001.0,Single Family,,
"9009-Great-Hills-Trl,-Apt-1222,-Austin,-TX-78759",,,,,,,,1.0,1.0,667.0,,Apartment,,
"3111-Walling-Dr,-Austin,-TX-78705",,,,,,,,3.0,3.0,2050.0,,Single Family,,
"612-Franklin-Blvd,-Apt-C,-Austin,-TX-78751",,,,,,,,2.0,1.0,832.0,1967.0,Multi-Family,,
"1108-Delano-St,-Unit-E,-Austin,-TX-78721",,,,,,,,3.0,1.5,1092.0,2001.0,Single Family,,
"708-Graham-Pl,-Apt-207,-Austin,-TX-78705",,,,,,,,2.0,2.0,604.0,,Condo,,
"7202-Creekside-Dr,-Apt-D,-Austin,-TX-78752",,,,,,,,2.0,1.5,1000.0,,Apartment,,
"6902-Carver-Ave-Unit-B,-Austin,-TX-78752",,,,,,,,2.0,2.5,1100.0,2018.0,Single Family,,
"2004-Kirksey-Dr,-Apt-A,-Austin,-TX-78741",,,,,,,,2.0,2.5,1023.0,,Multi-Family,,
"5201-Evans-Ave-Apt-B,-Austin,-TX-78751",,,,,,,,2.0,2.0,1020.0,1983.0,Apartment,,
"3100-Stoneway-Dr,-Unit-B,-Austin,-TX-78757",,,,,,,,2.0,2.0,2175.0,1969.0,Apartment,,
"701-E-North-Loop-Blvd,-Unit-112,-Austin,-TX-78751",,,,,,,,1.0,1.5,805.0,1969.0,Apartment,,
"5101-Guadalupe-St,-Apt-B,-Austin,-TX-78751",,,,,,,,4.0,2.0,1728.0,1951.0,Multi-Family,,
"103-Bulian-Ln,-Apt-C,-Austin,-TX-78746",,,,,,,,2.0,2.0,1100.0,,Single Family,,
"8802-Pineridge-Dr,-Unit-A,-Austin,-TX-78729",,,,,,,,3.0,2.0,1000.0,1982.0,Multi-Family,,
"10604-Lanshire-Dr,-Unit-B,-Austin,-TX-78758",,,,,,,,2.0,1.0,780.0,1979.0,Multi-Family,,
"704A-Franklin-Blvd,-Austin,-TX-78751",,,,,,,,4.0,2.0,1100.0,1935.0,Single Family,,
"2505-San-Gabriel-St,-Austin,-TX-78705",,,,,,,,1.0,1.0,400.0,2005.0,Apartment,,
"924-E-Dean-Keeton-St,-Austin,-TX-78705",,,,,,,,0.0,1.0,400.0,,Apartment,,
"2529-Rio-Grande-St,-Apt-15,-Austin,-TX-78705",,,,,,,,1.0,1.0,788.0,1977.0,Condo,,
"3111-Tom-Green-St,-Austin,-TX-78705",,,,,,,,2.0,2.0,784.0,,Apartment,,
"5413-A-Roosevelt-Ave,-Austin,-TX-78756",,,,,,,,4.0,2.0,1571.0,2008.0,Single Family,,
"5414-A-Grover-Ave,-Austin,-TX-78756",,,,,,,,4.0,2.0,1571.0,2008.0,Single Family,,
"408-Nelray-Blvd,-Unit-A,-Austin,-TX-78751",,,,,,,,5.0,3.5,2860.0,2007.0,Single Family,,
"1913-W-Loop,-Apt-A,-Austin,-TX-78758",,,,,,,,2.0,2.0,1031.0,,Apartment,,
"3603-Griffith-St,-Austin,-TX-78705",,,,,,,,5.0,3.0,2598.0,,Single Family,,
"5102-S-Pleasant-Valley-Rd,-Unit-A,-Austin,-TX-78744",,,,,,,,3.0,1.5,2160.0,1979.0,Apartment,,
"501-W-26th-St,-Apt-324,-Austin,-TX-78705",,,,,,,,3.0,2.0,1211.0,1997.0,Single Family,,
"2529-Rio-Grande-St,-Apt-101,-Austin,-TX-78705",,,,,,,,1.0,1.0,493.0,1977.0,Condo,,
"4518-Speedway,-Apt-A,-Austin,-TX-78751",,,,,,,,6.0,2.0,1818.0,1986.0,Multi-Family,,
"4810-W-Wind-Trl,-Apt-101,-Austin,-TX-78745",,,,,,,,2.0,1.5,943.0,1970.0,Multi-Family,,
"1906-Woodland-Ave-Unit-A,-Austin,-TX-78741",,,,,,,,2.0,2.0,1185.0,1972.0,Multi-Family,,
"5101-Guadalupe-St,-Apt-A,-Austin,-TX-78751",,,,,,,,5.0,2.0,1850.0,,Single Family,,
"2300-Leon-St,-Austin,-TX-78705",,,,,,,,2.0,2.0,850.0,,Apartment,,
"2529-Rio-Grande-St,-Apt-57,-Austin,-TX-78705",,,,,,,,3.0,2.0,1127.0,1977.0,Apartment,,
"2703-Swisher-St,-Austin,-TX-78705",,,,,,,,1.0,1.0,677.0,,Single Family,,
"908-W-22nd-St,-Apt-F,-Austin,-TX-78705",,,,,,,,1.0,1.0,390.0,1903.0,Single Family,,
"1506A-North-St,-Austin,-TX-78756",,,,,,,,4.0,2.0,1550.0,2003.0,Single Family,,
"2006-A-Pennsylvania-Ave,-Austin,-TX-78702",,,,,,,,3.0,2.0,1350.0,1935.0,Single Family,,
"Avenue-G,-Austin,-TX-78751",,,,,,,,2.0,1.0,380.0,,Single Family,,
"408-Nelray-Blvd,-Unit-B,-Austin,-TX-78751",,,,,,,,3.0,1.5,950.0,2007.0,Multi-Family,,
"1805-Nueces-St,-Austin,-TX-78701",,,,,,,,3.0,1.0,950.0,1969.0,Single Family,,
"5212-B-Guadalupe-St,---1,-Austin,-TX-78751",,,,,,,,1.0,1.0,650.0,,Apartment,,
"1803-Nueces-St,-Austin,-TX-78701",,,,,,,,1.0,1.0,500.0,1916.0,Single Family,,
"1003-W-26th-St,-Apt-202,-Austin,-TX-78705",,,,,,,,2.0,2.0,,,Condo,,
"1003-W-26th-St,-Apt-301,-Austin,-TX-78705",,,,,,,,2.0,2.0,,,Condo,,
"5212-A-Guadalupe-St,-Austin,-TX-78751",,,,,,,,4.0,2.0,1550.0,,Single Family,,
"3800-Allegro-Lugar-St,-Apt-4C,-Austin,-TX-78749",,,,,,,,1.0,1.0,2600.0,,Apartment,,
"5701-Cougar-Dr,-Apt-D,-Austin,-TX-78745",,,,,,,,3.0,2.5,1410.0,2013.0,Multi-Family,,
"1203-W-22nd-St,-Austin,-TX-78705",,,,,,,,4.0,3.0,1534.0,2018.0,Single Family,,
"1200-Enfield-Rd,-Apt-107,-Austin,-TX-78703",,,,,,,,1.0,1.0,650.0,,Condo,,
"2217-San-Gabriel-St,-Apt-301,-Austin,-TX-78705",,,,,,,,1.0,1.0,587.0,,Condo,,
"2217-San-Gabriel-St,-Apt-303,-Austin,-TX-78705",,,,,,,,1.0,1.0,640.0,,Condo,,
"2509-Quarry-Rd,-Unit-A,-Austin,-TX-78703",,,,,,,,3.0,2.0,1116.0,1951.0,Multi-Family,,
"2704-San-Pedro-St,-Apt-2,-Austin,-TX-78705",,,,,,,,2.0,2.5,1255.0,1963.0,Condo,,
"8004-Clydesdale-Dr,-Unit-A,-Austin,-TX-78745",,,,,,,,2.0,1.0,950.0,1982.0,Multi-Family,,
"2217-San-Gabriel-St,-Apt-201,-Austin,-TX-78705",,,,,,,,1.0,1.0,587.0,1986.0,Condo,,
"2810-San-Pedro-St,-Apt-A,-Austin,-TX-78705",,,,,,,,5.0,2.0,2758.0,,Single Family,,
"2802-St-Edwards-Cir,-Unit-A,-Austin,-TX-78704",,,,,,,,2.0,1.5,2082.0,1970.0,Multi-Family,,
"1103-Booker-Ave-Apt-B,-Austin,-TX-78752",,,,,,,,2.0,1.5,970.0,1980.0,Multi-Family,,
"1900-Barton-Springs-Rd,-Austin,-TX-78704",,,,,,,,1.0,1.0,576.0,,Apartment,,
"2305-Ventura-Dr,-Unit-B,-Austin,-TX-78741",,,,,,,,2.0,1.0,857.0,1967.0,Multi-Family,,
"2213-Yellow-Jacket-Ln,-Unit-B,-Austin,-TX-78741",,,,,,,,2.0,1.0,800.0,1950.0,Multi-Family,,
"5102-Grover-Ave,-Austin,-TX-78756",,,,,,,,3.0,1.0,816.0,1954.0,Single Family,,
"1813-Woodland-Ave-Unit-A,-Austin,-TX-78741",,,,,,,,2.0,1.5,1346.0,1969.0,Apartment,,
"7109-Silver-Dale-Dr,-Apt-B,-Austin,-TX-78736",,,,,,,,2.0,1.5,1074.0,,Townhouse,,
"4520-Speedway,-Apt-B,-Austin,-TX-78751",,,,,,,,6.0,3.0,1818.0,,Multi-Family,,
"106-Nelray-Blvd,-Apt-A,-Austin,-TX-78751",,,,,,,,5.0,4.5,2435.0,2006.0,Single Family,,
"3410-Speedway,-Unit-B,-Austin,-TX-78705",,,,,,,,6.0,3.0,2800.0,1999.0,Apartment,,
"1106-W-22nd-St,-Austin,-TX-78705",,,,,,,,1.0,1.0,500.0,,Condo,,
"101-E-33rd-St,-Apt-210,-Austin,-TX-78705",,,,,,,,3.0,2.0,1240.0,,Condo,,
"101-E-33rd-St,-Apt-204,-Austin,-TX-78705",,,,,,,,1.0,1.0,1240.0,,Apartment,,
"915-E-41st-St,-Apt-206,-Austin,-TX-78751",,,,,,,,2.0,1.0,800.0,,Condo,,
"5406-Woodrow-Ave-Unit-A,-Austin,-TX-78756",,,,,,,,2.0,1.0,925.0,1946.0,Multi-Family,,
"2610-Gwendolyn-Ln,-Apt-A,-Austin,-TX-78748",,,,,,,,3.0,2.5,1385.0,1984.0,Multi-Family,,
"2507-Biggs-Dr,-Austin,-TX-78741",,,,,,,,3.0,2.0,1176.0,,Single Family,,
"98-San-Jacinto-Blvd,-Austin,-TX-78701",,,,,,,,1.0,1.5,806.0,,Condo,,
"1202-Morrow-St,-Unit-A,-Austin,-TX-78757",,,,,,,,3.0,3.0,1916.0,2012.0,Multi-Family,,
"2810-San-Pedro-St,-Apt-B,-Austin,-TX-78705",,,,,,,,1.0,1.0,500.0,1916.0,Single Family,,
"5513-Prock-Ln,-Unit-A,-Austin,-TX-78721",,,,,,,,4.0,2.0,1529.0,2003.0,Single Family,,
"2711-Parker-Ln,-Apt-A,-Austin,-TX-78741",,,,,,,,2.0,1.5,1213.0,1972.0,Multi-Family,,
"3901-Knollwood-Dr,-Unit-A,-Austin,-TX-78731",,,,,,,,3.0,2.0,1329.0,1977.0,Multi-Family,,
"610-Genard-St,-Apt-A,-Austin,-TX-78751",,,,,,,,3.0,2.0,1020.0,1970.0,Multi-Family,,
"610-Genard-St,-Apt-B,-Austin,-TX-78751",,,,,,,,3.0,2.0,1820.0,1970.0,Multi-Family,,
"608-1-2-Genard-St,-Unit-A,-Austin,-TX-78751",,,,,,,,3.0,2.0,1820.0,1970.0,Apartment,,
"2021-Carlson-Dr,-Austin,-TX-78741",,,,,,,,3.0,3.0,1424.0,2014.0,Condo,,
"1302-E-52nd-St,-Apt-4,-Austin,-TX-78723",,,,,,,,3.0,1.0,650.0,,Condo,,
"2917-E-16th-St,-Unit-A,-Austin,-TX-78702",,,,,,,,4.0,2.0,2214.0,2003.0,Multi-Family,,
"6508-S-1st-St,-Apt-102,-Austin,-TX-78745",,,,,,,,1.0,1.0,691.0,1969.0,Multi-Family,,
"3119-Tom-Green-St,-Apt-5,-Austin,-TX-78705",,,,,,,,0.0,1.0,450.0,1966.0,Apartment,,
"3106-Duval-St,-Apt-210,-Austin,-TX-78705",,,,,,,,2.0,1.0,866.0,,Apartment,,
"2603-Parker-Ln,-Unit-B,-Austin,-TX-78741",,,,,,,,3.0,2.0,1144.0,1972.0,Multi-Family,,
"5501-Duval-St,-Unit-A,-Austin,-TX-78751",,,,,,,,5.0,4.0,2435.0,2003.0,Multi-Family,,
"2009-Kirksey-Dr,-Apt-B,-Austin,-TX-78741",,,,,,,,2.0,2.5,1496.0,1984.0,Multi-Family,,
"2009-Kirksey-Dr,-Apt-A,-Austin,-TX-78741",,,,,,,,3.0,2.5,1190.0,,Multi-Family,,
"22-Green-Terrace-Cv,-Austin,-TX-78734",,,,,,,,3.0,3.0,2276.0,,Single Family,,
"1730-E-Oltorf-St,-Apt-102,-Austin,-TX-78741",,,,,,,,1.0,1.0,721.0,,Apartment,,
"5112-S-1st-St,-Apt-102,-Austin,-TX-78745",,,,,,,,1.0,1.0,637.0,,Condo,,
"3111-Parker-Ln,-Apt-201,-Austin,-TX-78741",,,,,,,,2.0,2.0,948.0,,Apartment,,
"1071-Clayton-Ln,-Apt-102,-Austin,-TX-78723",,,,,,,,1.0,1.0,504.0,,Apartment,,
"1300-Spyglass-Dr,-Apt-101,-Austin,-TX-78746",,,,,,,,1.0,1.0,400.0,,Apartment,,
"360-Nueces-St,-Austin,-TX-78701",,,,,,,,2.0,2.0,200.0,2008.0,Condo,,
"1500-Royal-Crest-Dr,-Apt-205,-Austin,-TX-78741",,,,,,,,2.0,1.0,960.0,,Apartment,,
"1730-E-Oltorf-St,-Apt-210,-Austin,-TX-78741",,,,,,,,2.0,2.0,992.0,,Apartment,,
"1730-E-Oltorf-St,-Apt-201,-Austin,-TX-78741",,,,,,,,2.0,2.0,991.0,,Apartment,,
"4500-Avenue-D-Apt-B,-Austin,-TX-78751",,,,,,,,1.0,1.0,850.0,,Single Family,,
"2100-Pipers-Field-Dr,-Apt-35,-Austin,-TX-78758",,,,,,,,2.0,3.0,1193.0,1998.0,Condo,,
"200-Congress-Ave,-Unit-17B,-Austin,-TX-78701",,,,,,,,1.0,1.5,1295.0,2008.0,Condo,,
"1620-Haskell-St,-Austin,-TX-78702",,,,,,,,6.0,4.0,3384.0,2010.0,Multi-Family,,
"2810-Jadewood-Ct,-Apt-A,-Austin,-TX-78748",,,,,,,,2.0,2.0,1065.0,1985.0,Multi-Family,,
"906-Sleepy-Dell-Ln,-Austin,-TX-78748",,,,,,,,4.0,3.5,2273.0,2015.0,Single Family,,
"6103-Hyside-Dr,-Unit-A,-Austin,-TX-78723",,,,,,,,2.0,1.0,880.0,1971.0,Multi-Family,,
"4910-Pepper-Ln,-Apt-D,-Austin,-TX-78744",,,,,,,,2.0,1.0,3120.0,,Multi-Family,,
"11319-Gadsen-Ln,-Austin,-TX-78754",,,,,,,,3.0,2.5,1796.0,2018.0,Condo,,
"8911-Schick-Rd,-Apt-C,-Austin,-TX-78729",,,,,,,,2.0,2.0,3678.0,,,,
"11519-Pecan-Creek-Pkwy,-Apt-17,-Austin,-TX-78750",,,,,,,,2.0,1.0,875.0,,Apartment,,
"4705-Rosedale-Ave-Unit-A,-Austin,-TX-78756",,,,,,,,2.0,2.0,1330.0,2016.0,Multi-Family,,
"1604-W-Braker-Ln,-Unit-A,-Austin,-TX-78758",,,,,,,,2.0,1.0,1624.0,1981.0,Multi-Family,,
"9802-Roxanna-Dr,-Apt-A,-Austin,-TX-78748",,,,,,,,2.0,1.0,880.0,1983.0,Multi-Family,,
"125-Woodward-St,-Apt-204,-Austin,-TX-78704",,,,,,,,2.0,1.0,825.0,,Apartment,,
"1207-W-Rundberg-Ln,-Unit-B,-Austin,-TX-78758",,,,,,,,2.0,1.0,2246.0,1973.0,Multi-Family,,
"1509-Shoal-Creek-Blvd,-Apt-D,-Austin,-TX-78701",,,,,,,,1.0,1.0,560.0,,Multi-Family,,
"9506-Kempler-Dr,-Apt-C,-Austin,-TX-78748",,,,,,,,2.0,2.0,1000.0,1984.0,Multi-Family,,
"5924-S-Congress-Ave,-Apt-145,-Austin,-TX-78745",,,,,,,,1.0,1.0,760.0,,Condo,,
"1710-Ledgewood-Dr,-Unit-A,-Austin,-TX-78758",,,,,,,,2.0,1.0,835.0,1972.0,Multi-Family,,
"3426-Willowrun-Dr,-Apt-A,-Austin,-TX-78704",,,,,,,,1.0,1.0,620.0,,Multi-Family,,
"5402-Rose-Hill-Cir,-Apt-D,-Austin,-TX-78745",,,,,,,,1.0,1.0,2464.0,1982.0,Multi-Family,,
"2201-Leah-Cv,-Apt-B,-Austin,-TX-78748",,,,,,,,2.0,1.0,780.0,1982.0,Apartment,,
"13300-Saddlebrook-Trl,-Unit-B,-Austin,-TX-78729",,,,,,,,3.0,2.0,1500.0,1986.0,Single Family,,
"2503-W-Slaughter-Ln,-Apt-A,-Austin,-TX-78748",,,,,,,,2.0,2.0,938.0,,Multi-Family,,
"915-W-21st-St,-Apt-9,-Austin,-TX-78705",,,,,,,,0.0,1.0,400.0,,Single Family,,
"807-25th-St-W,-Unit-212,-Austin,-TX-78705",,,,,,,,2.0,1.0,925.0,1984.0,Condo,,
"11911-Deering-Pl,-Austin,-TX-78726",,,,,,,,4.0,3.5,2745.0,2019.0,Single Family,,
"9201-Simmons-Rd,-Apt-113,-Austin,-TX-78759",,,,,,,,2.0,2.5,2102.0,1987.0,Townhouse,,
"11005-Avery-Station-Loop,-Unit-33,-Austin,-TX-78717",,,,,,,,3.0,2.5,1816.0,2016.0,Condo,,
"2529-Rio-Grande-St,-Apt-38,-Austin,-TX-78705",,,,,,,,2.0,2.0,1056.0,1977.0,Condo,,
"2215-Mission-Hill-Dr,-Apt-102,-Austin,-TX-78741",,,,,,,,2.0,1.5,903.0,1968.0,Multi-Family,,
"807-W-25th-St,-Apt-211,-Austin,-TX-78705",,,,,,,,2.0,2.0,925.0,1984.0,Condo,,
"2810-San-Pedro-St,-Apt-C,-Austin,-TX-78705",,,,,,,,2.0,1.0,900.0,1916.0,Single Family,,
"504-Hummingbird-Ln,-Apt-B,-Austin,-TX-78734",,,,,,,,4.0,3.5,2532.0,2014.0,Multi-Family,,
"5500-Westminster-Dr,-Unit-B,-Austin,-TX-78723",,,,,,,,1.0,1.0,400.0,1959.0,Single Family,,
"2002-E-9th-St,-Unit-2,-Austin,-TX-78702",,,,,,,,2.0,2.0,852.0,2018.0,Single Family,,
"901-Red-River-St,-Apt-1210,-Austin,-TX-78701",,,,,,,,2.0,2.0,1298.0,,Condo,,
"301-West-Ave,-Apt-1009,-Austin,-TX-78701",,,,,,,,2.0,2.0,1106.0,2018.0,Condo,,
"1304-Mariposa-Dr,-Austin,-TX-78704",,,,,,,,2.0,1.0,804.0,1962.0,Condo,,
"2103-Rosewood-Ave-Apt-B,-Austin,-TX-78702",,,,,,,,2.0,1.0,640.0,1948.0,Multi-Family,,
"2805-Vernon-Ave-Unit-B,-Austin,-TX-78723",,,,,,,,2.0,2.5,894.0,1974.0,Multi-Family,,
"6508-Hickman-Ave,-Apt-104,-Austin,-TX-78723",,,,,,,,1.0,1.0,500.0,,Multi-Family,,
"3819-Southway-Dr,-Apt-220,-Austin,-TX-78704",,,,,,,,1.0,1.0,620.0,1972.0,Condo,,
"4510-Duval-St,-Apt-104,-Austin,-TX-78751",,,,,,,,0.0,1.0,400.0,1971.0,Apartment,,
"2103-Rosewood-Ave-Apt-C,-Austin,-TX-78702",,,,,,,,3.0,2.0,1000.0,,Multi-Family,,
"2405-W-Slaughter-Ln,-Apt-D,-Austin,-TX-78748",,,,,,,,2.0,2.0,938.0,,Multi-Family,,
"11611-April-Dr,-Apt-C,-Austin,-TX-78753",,,,,,,,2.0,2.0,900.0,1981.0,Multi-Family,,
"8112-Sonnet-Ave,-Apt-101,-Austin,-TX-78759",,,,,,,,2.0,1.5,1147.0,,Single Family,,
"1610-Enfield-Rd,-Apt-201,-Austin,-TX-78703",,,,,,,,2.0,2.0,1000.0,,Apartment,,
"5303-Indio-Cv,-Apt-A,-Austin,-TX-78745",,,,,,,,2.0,2.0,1048.0,,Apartment,,
"2609-Ektom-Dr,-Apt-B,-Austin,-TX-78745",,,,,,,,1.0,1.0,500.0,1972.0,Apartment,,
"111-W-38th-St,-Apt-101,-Austin,-TX-78705",,,,,,,,1.0,1.0,550.0,,Apartment,,
"1704M-E-Franklin-Ave-Unit-A,-Austin,-TX-78721",,,,,,,,3.0,2.5,1700.0,1977.0,Multi-Family,,
"706-W-32nd-St,-Apt-A,-Austin,-TX-78705",,,,,,,,3.0,2.0,1100.0,1925.0,Apartment,,
"807-Baylor-St,-Apt-B,-Austin,-TX-78703",,,,,,,,1.0,1.0,1656.0,,Multi-Family,,
"1129-Berger-St,-Austin,-TX-78721",,,,,,,,3.0,1.0,1190.0,1930.0,Single Family,,
"12020-Terraza-Cir,-Unit-TH28,-Austin,-TX-78726",,,,,,,,3.0,2.5,2298.0,2012.0,Condo,,
"8900-Little-Walnut-Pkwy,-Unit-B,-Austin,-TX-78758",,,,,,,,2.0,1.0,925.0,1966.0,Multi-Family,,
"2407-Euclid-Ave-Unit-A,-Austin,-TX-78704",,,,,,,,3.0,3.0,1524.0,2016.0,Multi-Family,,
"2017-Bluebonnet-Ln,-Apt-203,-Austin,-TX-78704",,,,,,,,2.0,1.0,700.0,1969.0,Apartment,,
"2017-Bluebonnet-Ln,-Apt-201,-Austin,-TX-78704",,,,,,,,2.0,1.0,700.0,,Apartment,,
"420-N-Pleasant-Valley-Rd,-Apt-201,-Austin,-TX-78702",,,,,,,,1.0,1.0,691.0,1930.0,Apartment,,
"606-Swanee-Dr,-Unit-B,-Austin,-TX-78752",,,,,,,,3.0,2.0,1255.0,2010.0,Multi-Family,,
"9307-Singing-Quail-Dr,-Unit-78,-Austin,-TX-78758",,,,,,,,2.0,2.0,1348.0,1978.0,Condo,,
"8003-Hood-Cir,-Unit-A,-Austin,-TX-78745",,,,,,,,2.0,1.5,1011.0,1982.0,Multi-Family,,
"1408-Kirkwood-Rd,-Apt-B,-Austin,-TX-78722",,,,,,,,2.0,1.0,836.0,1948.0,Multi-Family,,
"6332-El-Mirando-St,-Unit-A,-Austin,-TX-78741",,,,,,,,3.0,2.5,1650.0,,Multi-Family,,
"11455-Ptarmigan-Dr,-Unit-A,-Austin,-TX-78758",,,,,,,,2.0,1.0,1870.0,1981.0,Multi-Family,,
"5406-Martin-Ave-Unit-A,-Austin,-TX-78751",,,,,,,,6.0,4.5,3039.0,2003.0,Single Family,,
"822-Sahara-Ave-Unit-A,-Austin,-TX-78745",,,,,,,,2.0,1.5,1920.0,1981.0,Multi-Family,,
"307-W-Mary-St,-Unit-A,-Austin,-TX-78704",,,,,,,,2.0,1.0,1000.0,1971.0,Multi-Family,,
"801-W-5th-St,-Apt-703,-Austin,-TX-78703",,,,,,,,2.0,2.0,1374.0,,Condo,,
"2529-Rio-Grande-69-2529-Rio-Grande,-Austin,-TX-78705",,,,,,,,2.0,2.0,1050.0,1982.0,Single Family,,
"3914-Ave-D,-Apt-101,-Austin,-TX-78751",,,,,,,,1.0,1.0,630.0,1969.0,Single Family,,
"2811-Salado-St,-Unit-A,-Austin,-TX-78705",,,,,,,,5.0,2.0,1952.0,1920.0,Multi-Family,,
"2938-Westlake-Cv,-Austin,-TX-78746",,,,,,,,2.0,1.0,1472.0,1968.0,Single Family,,
"300-N-Lamar-Blvd,-Apt-201,-Austin,-TX-78703",,,,,,,,1.0,1.0,700.0,,Apartment,,
"2425-E-Riverside-Dr,-Apt-201,-Austin,-TX-78741",,,,,,,,2.0,2.0,900.0,,Condo,,
"9509-Kempler-Dr,-Apt-A,-Austin,-TX-78748",,,,,,,,2.0,2.0,904.0,1984.0,Multi-Family,,
"16013-Edwards-Dr,-Austin,-TX-78734",,,,,,,,2.0,2.0,1291.0,1946.0,Single Family,,
"1902-Crested-Butte-Dr,-Unit-A,-Austin,-TX-78746",,,,,,,,3.0,3.5,2606.0,1983.0,Condo,,
"207-W-39th-St,-Apt-B,-Austin,-TX-78751",,,,,,,,4.0,2.0,1549.0,1920.0,Apartment,,
"4806-Ave-F,-Austin,-TX-78751",,,,,,,,3.0,2.0,2120.0,1961.0,Multi-Family,,
"3458-Willowrun-Dr,-Apt-A,-Austin,-TX-78704",,,,,,,,2.0,1.5,3420.0,,Multi-Family,,
"2529-Rio-Grande-St,-Apt-59,-Austin,-TX-78705",,,,,,,,1.0,1.0,567.0,,Condo,,
"3004-Speedway,-Apt-8,-Austin,-TX-78705",,,,,,,,3.0,2.0,918.0,1983.0,Condo,,
"4111-Ave-A,-Apt-108,-Austin,-TX-78751",,,,,,,,,1.0,340.0,,Apartment,,
"5216-Mc-Carty-Ln,-Apt-8,-Austin,-TX-78749",,,,,,,,2.0,1.0,910.0,1970.0,Single Family,,
"14311-Mccoy-Loop,-Austin,-TX-78717",,,,,,,,4.0,3.5,2421.0,2019.0,Single Family,,
"104-S-Laurelwood-Dr,-Apt-B,-Austin,-TX-78733",,,,,,,,2.0,2.0,950.0,,Multi-Family,,
"2217-San-Gabriel-St,-Apt-204,-Austin,-TX-78705",,,,,,,,1.0,1.0,650.0,,Condo,,
"363-Fantail-Loop,-Apt-A,-Austin,-TX-78734",,,,,,,,4.0,5.0,2024.0,1983.0,Multi-Family,,
"1401-Eva-St,-Apt-203,-Austin,-TX-78704",,,,,,,,1.0,2.0,972.0,2007.0,Condo,,
"4110-Guadalupe-St,-Austin,-TX-78751",,,,,,,,2.0,2.0,1074.0,,Apartment,,
"811-E-41st-St,-Austin,-TX-78751",,,,,,,,1.0,1.0,679.0,2013.0,Apartment,,
"1720-Barton-Springs-Rd,-Austin,-TX-78704",,,,,,,,2.0,2.0,1146.0,,Apartment,,
"2800-Bartons-Bluff-Ln,-Apt-101,-Austin,-TX-78746",,,,,,,,1.0,1.0,625.0,,Apartment,,
"1801-E-51st-St,-Austin,-TX-78723",,,,,,,,2.0,2.0,1211.0,,Apartment,,
"2800-Bartons-Bluff-Ln,-Apt-202,-Austin,-TX-78746",,,,,,,,2.0,2.0,,,Apartment,,
"2701-Mulford-Cv,-Unit-A,-Austin,-TX-78741",,,,,,,,3.0,2.0,1097.0,,Condo,,
"2000-Vista-Ln,-Unit-B,-Austin,-TX-78703",,,,,,,,2.0,1.0,1250.0,1959.0,Multi-Family,,
"510-W-33rd-St,-Austin,-TX-78705",,,,,,,,2.0,3.0,2126.0,,Single Family,,
"1716-Justin-Ln,-Unit-B,-Austin,-TX-78757",,,,,,,,2.0,1.0,744.0,1951.0,Single Family,,
"1120-S-Lamar-Blvd,-Austin,-TX-78704",,,,,,,,2.0,2.0,1503.0,,Apartment,,
"12505-Turtle-Rock-Rd,-Unit-B,-Austin,-TX-78729",,,,,,,,3.0,2.0,957.0,1982.0,Multi-Family,,
"5315-Duval-St,-Unit-A,-Austin,-TX-78751",,,,,,,,6.0,4.0,2300.0,2006.0,Single Family,,
"2119-E-7th-St,-Austin,-TX-78702",,,,,,,,2.0,2.0,1262.0,2015.0,Apartment,,
"201-Academy-Dr,-Apt-102,-Austin,-TX-78704",,,,,,,,1.0,1.0,500.0,,Condo,,
"815-W-47th-St,-Austin,-TX-78751",,,,,,,,2.0,2.0,1111.0,,Apartment,,
"1900-San-Gabriel-St,-Apt-105,-Austin,-TX-78705",,,,,,,,2.0,2.0,1442.0,,Apartment,,
"1900-San-Gabriel-St,-Apt-111,-Austin,-TX-78705",,,,,,,,1.0,1.0,1155.0,,Apartment,,
"1304-Mckie-Dr,-Apt-111,-Austin,-TX-78752",,,,,,,,2.0,2.0,900.0,,Apartment,,
"3604-Summit-Bnd,-Unit-A,-Austin,-TX-78759",,,,,,,,6.0,4.0,2594.0,1971.0,Multi-Family,,
"3304-S-Oak-Dr,-Unit-B,-Austin,-TX-78704",,,,,,,,2.0,1.0,1824.0,1970.0,Single Family,,
"411-Brazos-St,-Apt-312,-Austin,-TX-78701",,,,,,,,2.0,2.0,1571.0,1999.0,Condo,,
"308-E-32nd-St,-Unit-A,-Austin,-TX-78705",,,,,,,,4.0,3.0,1930.0,1939.0,Single Family,,
"808-E-13th-St,-Austin,-TX-78702",,,,,,,,2.0,1.0,822.0,1930.0,Single Family,,
"5100-Caswell-Ave-Unit-A,-Austin,-TX-78751",,,,,,,,5.0,3.0,2450.0,2004.0,Single Family,,
"907-E-38th-St,-Unit-A,-Austin,-TX-78705",,,,,,,,4.0,2.0,1400.0,1936.0,Single Family,,
"1020-Ellingson-Ln,-Unit-A,-Austin,-TX-78751",,,,,,,,4.0,2.0,1660.0,1938.0,Single Family,,
"2401-La-Casa-Dr,-Unit-B,-Austin,-TX-78704",,,,,,,,3.0,2.0,2154.0,1971.0,Multi-Family,,
"5402-Martin-Ave-Unit-A,-Austin,-TX-78751",,,,,,,,5.0,3.5,3054.0,2003.0,Single Family,,
"901-Red-River-St,-Apt-1311,-Austin,-TX-78701",,,,,,,,1.0,1.5,1176.0,,Condo,,
"901-Red-River-St,-Apt-1206,-Austin,-TX-78701",,,,,,,,1.0,1.0,872.0,,Apartment,,
"2720-Lyons-Rd,-Austin,-TX-78702",,,,,,,,1.0,1.0,24500.0,1999.0,Apartment,,
"9900-Roxanna-Dr,-Apt-B,-Austin,-TX-78748",,,,,,,,2.0,1.0,780.0,1983.0,Multi-Family,,
"11304-Nicole-Cv,-Apt-B,-Austin,-TX-78753",,,,,,,,2.0,1.0,828.0,1983.0,Apartment,,
"2017-Bluebonnet-Ln,-Apt-212,-Austin,-TX-78704",,,,,,,,1.0,1.0,500.0,,Apartment,,
"1520-Lorraine-Loop,-Unit-1520A,-Austin,-TX-78758",,,,,,,,3.0,3.0,1474.0,2012.0,Condo,,
"4811-Woodrow-Ave,-Unit-227,-Austin,-TX-78756",,,,,,,,1.0,1.0,855.0,2019.0,Apartment,,
"1803-E-18th-St,-Unit-B,-Austin,-TX-78702",,,,,,,,3.0,2.5,1971.0,2008.0,Townhouse,,
"901-Red-River-St,-Apt-1203,-Austin,-TX-78701",,,,,,,,2.0,2.0,1300.0,,Condo,,
"9906-Randall-Dr,-Unit-A,-Austin,-TX-78753",,,,,,,,3.0,1.0,968.0,1971.0,Multi-Family,,
"901-Red-River-St,-Apt-1227,-Austin,-TX-78701",,,,,,,,1.0,1.0,819.0,,Condo,,
"1317-Southport-Dr,-Apt-D,-Austin,-TX-78704",,,,,,,,2.0,1.5,3870.0,1981.0,Multi-Family,,
"1003-W-26th-St,-Apt-201,-Austin,-TX-78705",,,,,,,,2.0,2.0,705.0,,Condo,,
"98-San-Jacinto-Blvd,-Unit-1603,-Austin,-TX-78701",,,,,,,,1.0,1.0,1060.0,2010.0,Condo,,
"808-Eberhart-Ln,-Austin,-TX-78745",,,,,,,,1.0,1.0,24500.0,1999.0,Multi-Family,,
"2101-Davis-Ln,-Austin,-TX-78745",,,,,,,,1.0,1.0,44168.0,1999.0,Multi-Family,,
"1205-W-22nd-1-2-St,-Unit-1,-Austin,-TX-78705",,,,,,,,4.0,2.0,,,Apartment,,
"2823-E-Martin-Luther-King-Junior-Blvd,-Austin,-TX-78702",,,,,,,,1.0,1.0,845.0,,Apartment,,
"1000-San-Marcos-St,-Austin,-TX-78702",,,,,,,,1.0,1.0,670.0,2007.0,Apartment,,
"1800-E-4th-St,-Austin,-TX-78702",,,,,,,,2.0,2.0,980.0,2018.0,Condo,,
"4600-Mueller-Blvd,-Austin,-TX-78723",,,,,,,,1.0,1.0,690.0,2006.0,Apartment,,
"2401-E-6th-St,-Austin,-TX-78702",,,,,,,,1.0,1.0,688.0,2017.0,Apartment,,
"6508-Hickman-Ave,-Apt-102,-Austin,-TX-78723",,,,,,,,1.0,1.0,450.0,1969.0,Multi-Family,,
"2239-Cromwell-Cir,-Apt-201,-Austin,-TX-78741",,,,,,,,2.0,1.0,825.0,,Condo,,
"3523-Gonzales-St,-Austin,-TX-78702",,,,,,,,2.0,2.0,,,Apartment,,
"7920-San-Felipe-Blvd,-Apt-2417,-Austin,-TX-78729",,,,,,,,2.0,2.0,1125.0,,Condo,,
"1219-S-Lamar-Blvd,-Apt-101,-Austin,-TX-78704",,,,,,,,1.0,1.0,705.0,,Apartment,,
"421-W-3rd-St,-Apt-202,-Austin,-TX-78701",,,,,,,,2.0,2.0,1187.0,,Condo,,
"8021-N-Fm-620-Rd,-Apt-1428,-Austin,-TX-78726",,,,,,,,3.0,2.0,1368.0,,Condo,,
"2101-Elmont-Dr,-Apt-102,-Austin,-TX-78741",,,,,,,,1.0,1.0,625.0,,Apartment,,
"4527-N-Lamar-Blvd,-Austin,-TX-78751",,,,,,,,1.0,1.0,597.0,2014.0,Apartment,,
"4512-Speedway,-Apt-A,-Austin,-TX-78751",,,,,,,,2.0,2.5,1200.0,,,,
"4510-Duval-St,-Apt-110,-Austin,-TX-78751",,,,,,,,1.0,1.0,595.0,,Single Family,,
"810-W-St-Johns-Ave,-Austin,-TX-78752",,,,,,,,1.0,1.0,769.0,2013.0,Apartment,,
"1609-Roberts-Ave,-Austin,-TX-78704",,,,,,,,1.0,1.0,,,Apartment,,
"2304-Cedrick-Cv,-Apt-C,-Austin,-TX-78748",,,,,,,,2.0,1.0,800.0,1983.0,Multi-Family,,
"407-W-43rd-St,-Austin,-TX-78751",,,,,,,,1.0,1.0,686.0,,Single Family,,
"1511-Rutland-Dr,-Unit-A,-Austin,-TX-78758",,,,,,,,3.0,1.0,1037.0,1972.0,Multi-Family,,
"2606-Enfield-Rd,-Unit-26022,-Austin,-TX-78703",,,,,,,,2.0,1.0,,1960.0,Apartment,,
"2101-Elmont-Dr,-Unit-30521,-Austin,-TX-78741",,,,,,,,0.0,1.0,250.0,1985.0,Apartment,,
"2823-E-Martin-Luther-King-Jr-Blvd,-Austin,-TX-78702",,,,,,,,2.0,2.0,1082.0,2017.0,Apartment,,
"8700-Brodie-Ln,-Austin,-TX-78745",,,,,,,,1.0,1.0,657.0,2001.0,Apartment,,
"91-Rainey-St,-Austin,-TX-78701",,,,,,,,0.0,1.0,522.0,2016.0,Apartment,,
"5453-Burnet-Rd,-Austin,-TX-78756",,,,,,,,1.0,1.0,709.0,2013.0,Apartment,,
"305-W-35th-St,-Austin,-TX-78705",,,,,,,,0.0,1.0,,1972.0,Apartment,,
"6811-6815-Great-Northern-Blvd,-Austin,-TX-78757",,,,,,,,0.0,1.0,,1971.0,Apartment,,
"383-Rocky-Ridge-Trl,-Austin,-TX-78737",,,,,,,,1.0,1.0,603.0,2019.0,Apartment,,
"12151-N,-Austin,-TX-78753",,,,,,,,,,,1996.0,Apartment,,
"12800-Center-Lake-Dr,-Austin,-TX-78753",,,,,,,,1.0,1.0,565.0,2007.0,Apartment,,
"2022-E-Slaughter-Ln,-Austin,-TX-78747",,,,,,,,1.0,1.0,725.0,2019.0,Apartment,,
"6200-Loyola-Ln,-Austin,-TX-78724",,,,,,,,,,,2008.0,Apartment,,
"13730-FM-620-N,-Austin,-TX-78717",,,,,,,,,,,2008.0,Apartment,,
"8003-S-Interstate-35,-Austin,-TX-78744",,,,,,,,,,,2015.0,Apartment,,
"2601-Scofield-Ridge-Pkwy,-Austin,-TX-78727",,,,,,,,1.0,1.0,649.0,1999.0,Apartment,,
"2906-E-Martin-Luther-King-Jr-Blvd,-Austin,-TX-78702",,,,,,,,2.0,2.0,,2011.0,Apartment,,
"1221-S-Congress-Ave,-Austin,-TX-78704",,,,,,,,1.0,1.0,699.0,1997.0,Apartment,,
"1001-Collinwood-West-Dr,-Austin,-TX-78753",,,,,,,,2.0,1.0,,2001.0,Apartment,,
"13401-W-Legendary-Dr,-Austin,-TX-78727",,,,,,,,,,,2014.0,Apartment,,
"1200-Estancia-Pkwy,-Austin,-TX-78748",,,,,,,,1.0,1.0,625.0,2018.0,Apartment,,
"2811-La-Frontera-Blvd,-Austin,-TX-78728",,,,,,,,2.0,1.0,865.0,1997.0,Apartment,,
"10001-S-1st-St,-Apt-125,-Austin,-TX-78748",,,,,,,,1.0,1.0,556.0,,Apartment,,
"1016-W-Stassney-Ln,-Apt-102,-Austin,-TX-78745",,,,,,,,1.0,1.0,481.0,,Apartment,,
"3111-Parker-Ln,-Apt-268,-Austin,-TX-78741",,,,,,,,2.0,2.0,1080.0,,Apartment,,
"5350-Burnet-Rd,-Apt-222,-Austin,-TX-78756",,,,,,,,2.0,2.0,1255.0,,Apartment,,
"9801-W-Parmer-Ln,-Apt-122,-Austin,-TX-78717",,,,,,,,3.0,2.0,1362.0,,Apartment,,
"8100-Anderson-Mill-Rd,-Unit-233,-Austin,-TX-78729",,,,,,,,2.0,2.0,1186.0,,Apartment,,
"3809-S-Congress-Ave,-Apt-256,-Austin,-TX-78704",,,,,,,,2.0,2.0,1188.0,,Apartment,,
"2800-Bartons-Bluff-Ln,-Apt-2606,-Austin,-TX-78746",,,,,,,,2.0,2.0,1048.0,,Apartment,,
"2801-Skyway-Cir,-Apt-104,-Austin,-TX-78704",,,,,,,,2.0,1.5,3612.0,1968.0,Multi-Family,,
"924-Cardinal-Ln,-Austin,-TX-78704",,,,,,,,2.0,1.0,,,Condo,,
"2003-Richcreek-Rd,-Unit-A,-Austin,-TX-78757",,,,,,,,2.0,1.0,875.0,1964.0,Multi-Family,,
"8105-Dunn-St,-Austin,-TX-78745",,,,,,,,2.0,3.0,2128.0,,Single Family,,
"7108-Creekside-Dr,-Apt-C,-Austin,-TX-78752",,,,,,,,2.0,1.5,1036.0,1973.0,Multi-Family,,
"1111-W-22nd-1-2-St,-Unit-1,-Austin,-TX-78705",,,,,,,,6.0,3.0,2500.0,1925.0,Apartment,,
"11306-Nicole-Cv,-Apt-C,-Austin,-TX-78753",,,,,,,,2.0,2.0,985.0,,,,
"3426-Willowrun-Dr,-Apt-D,-Austin,-TX-78704",,,,,,,,2.0,1.0,811.0,,,,
"1210-Southport-Dr,-Apt-B,-Austin,-TX-78704",,,,,,,,2.0,1.5,3928.0,1981.0,Multi-Family,,
"1204-Walnut-Ave-Apt-B,-Austin,-TX-78702",,,,,,,,2.0,1.0,834.0,,Single Family,,
"1623-Palma-Plz,-Unit-B,-Austin,-TX-78703",,,,,,,,2.0,1.0,975.0,1933.0,Single Family,,
"8001-Gessner-Dr,-Apt-135,-Austin,-TX-78753",,,,,,,,1.0,1.0,400.0,,Apartment,,
"2529-Rio-Grande-St,-Apt-68,-Austin,-TX-78705",,,,,,,,2.0,2.5,1040.0,1977.0,Condo,,
"86-Pedernales-St,-Austin,-TX-78702",,,,,,,,2.0,1.5,894.0,2017.0,Single Family,,
"5511-Clay-Ave-Apt-A,-Austin,-TX-78756",,,,,,,,2.0,1.0,992.0,1947.0,Apartment,,
"7404-Vintage-Hills-Dr,-Apt-A,-Austin,-TX-78723",,,,,,,,2.0,1.0,738.0,,Single Family,,
"6115-Manor-Rd,-Unit-A,-Austin,-TX-78723",,,,,,,,2.0,1.0,1525.0,,Single Family,,
"4702-Finley-Dr,-Unit-A,-Austin,-TX-78731",,,,,,,,2.0,1.0,2046.0,1960.0,Multi-Family,,
"4510-Duval-St,-Apt-204,-Austin,-TX-78751",,,,,,,,0.0,1.0,,1971.0,Apartment,,
"12209-Abbey-Glen-Ln,-Austin,-TX-78753",,,,,,,,2.0,2.0,1136.0,,Single Family,,
"2406-Bluebonnet-Ln,-Apt-308,-Austin,-TX-78704",,,,,,,,1.0,1.0,550.0,1985.0,Apartment,,
"1105-E-2nd-St,-Unit-B,-Austin,-TX-78702",,,,,,,,3.0,2.5,975.0,2019.0,Single Family,,
"2408-Leon-St,-Apt-302,-Austin,-TX-78705",,,,,,,,2.0,2.0,891.0,1965.0,Apartment,,
"413-W-Johanna-St,-Unit-A,-Austin,-TX-78704",,,,,,,,3.0,2.0,1216.0,1997.0,Single Family,,
"4803-Pecan-Springs-Rd,-Unit-B,-Austin,-TX-78723",,,,,,,,3.0,2.5,1404.0,2007.0,Condo,,
"10202-Cienega-Cv,-Austin,-TX-78717",,,,,,,,3.0,2.5,1590.0,2017.0,Single Family,,
"4510-Duval-St,-Apt-205,-Austin,-TX-78751",,,,,,,,1.0,1.0,625.0,,Apartment,,
"401-Post-Road-Dr,-Austin,-TX-78704",,,,,,,,3.0,2.0,1296.0,1961.0,Single Family,,
"4010-Cima-Serena-Dr,-Unit-B,-Austin,-TX-78759",,,,,,,,3.0,2.5,1550.0,1976.0,Multi-Family,,
"1911-W-Loop,-Apt-C,-Austin,-TX-78758",,,,,,,,2.0,2.0,1013.0,1982.0,Apartment,,
"2301-Ohlen-Rd,-Apt-213,-Austin,-TX-78757",,,,,,,,2.0,1.5,800.0,1968.0,Apartment,,
"1717-W-35th-St,-Apt-109,-Austin,-TX-78703",,,,,,,,1.0,1.0,610.0,1971.0,Apartment,,
"1121B-Bluebonnet-Ln,-Austin,-TX-78704",,,,,,,,2.0,1.5,2768.0,1973.0,Multi-Family,,
"501-W-30th-St,-Unit-1,-Austin,-TX-78705",,,,,,,,3.0,2.5,1372.0,2015.0,Townhouse,,
"504-Hardin-Ct,-Apt-C,-Austin,-TX-78753",,,,,,,,2.0,1.0,3120.0,,,,
"1511-Redd-St,-Unit-A,-Austin,-TX-78745",,,,,,,,2.0,1.0,950.0,1950.0,Multi-Family,,
"820-Houston-St,-Apt-101,-Austin,-TX-78756",,,,,,,,1.0,1.0,600.0,1966.0,Apartment,,
"2707-Rio-Grande-St,-Austin,-TX-78705",,,,,,,,,,,2005.0,Condo,,
"2700-Nueces-St,-Austin,-TX-78705",,,,,,,,3.0,3.0,1442.0,2005.0,Apartment,,
"1825-Wooten-Park-Dr,-Apt-101,-Austin,-TX-78757",,,,,,,,2.0,1.0,3612.0,1967.0,Multi-Family,,
"4300-Duval-Rd,-Apt-C,-Austin,-TX-78759",,,,,,,,3.0,2.0,1250.0,1985.0,Condo,,
"406-Capitol-Dr,-Unit-B,-Austin,-TX-78753",,,,,,,,4.0,2.5,2198.0,2002.0,Multi-Family,,
"2205-Muroc-St,-Apt-106,-Austin,-TX-78757",,,,,,,,1.0,1.0,750.0,1969.0,Condo,,
"2025-Monarch-Dr,-Unit-A,-Austin,-TX-78748",,,,,,,,3.0,2.0,1263.0,1973.0,Apartment,,
"15510-Ranch-Rd,-620-N-Unit-333,-Austin,-TX-78717",,,,,,,,3.0,2.0,1401.0,,Apartment,,
"13425-Ranch-Rd,-620-N-Apt-122,-Austin,-TX-78717",,,,,,,,1.0,1.0,798.0,,Apartment,,
"10810-Newmont-Rd,-Apt-4,-Austin,-TX-78758",,,,,,,,1.0,1.0,695.0,,Apartment,,
"10300-Burmaster-Ln,-Unit-B,-Austin,-TX-78750",,,,,,,,2.0,1.0,940.0,1978.0,Multi-Family,,
"9008-Galewood-Dr,-Apt-104,-Austin,-TX-78758",,,,,,,,1.0,1.0,612.0,1973.0,Apartment,,
"11507-Walnut-Ridge-Dr,-Unit-B,-Austin,-TX-78753",,,,,,,,2.0,2.0,1777.0,1983.0,Multi-Family,,
"10605-Golden-Meadow-Dr,-Unit-B,-Austin,-TX-78758",,,,,,,,3.0,2.0,2116.0,1977.0,Multi-Family,,
"13425-Ranch-Rd,-620-N,-Austin,-TX-78717",,,,,,,,1.0,1.0,692.0,2001.0,Apartment,,
"3845-Ranch-Rd,-2222-Apt-14,-Austin,-TX-78731",,,,,,,,2.0,2.5,1167.0,1984.0,Condo,,
"9807-N-Fm-620-Rd,-Austin,-TX-78726",,,,,,,,1.0,1.0,732.0,2004.0,Apartment,,
"10100-Burnet-Rd,-Austin,-TX-78758",,,,,,,,2.0,2.0,,,Apartment,,
"47-Rainey-St,-Austin,-TX-78701",,,,,,,,2.0,2.0,1029.0,,Apartment,,
"600-S-1st-St,-Apt-133,-Austin,-TX-78704",,,,,,,,1.0,1.0,596.0,,Apartment,,
"8033-Gessner-Dr,-Apt-252,-Austin,-TX-78753",,,,,,,,1.0,1.0,38160.0,,Apartment,,
"916-W-23rd-St,-Apt-101,-Austin,-TX-78705",,,,,,,,2.0,1.0,525.0,,Apartment,,
"3430-Willowrun-Dr,-Apt-1,-Austin,-TX-78704",,,,,,,,1.0,1.0,700.0,1969.0,Multi-Family,,
"501-W-26th-St,-Austin,-TX-78705",,,,,,,,2.0,2.0,1040.0,1997.0,Townhouse,,
"305-E-Croslin-St,-Apt-112,-Austin,-TX-78752",,,,,,,,1.0,1.0,900.0,,Apartment,,
"312-E-43rd-St,-Apt-204,-Austin,-TX-78751",,,,,,,,1.0,1.0,572.0,1970.0,Apartment,,
"311-Moore-Blvd,-Unit-A,-Austin,-TX-78705",,,,,,,,2.0,2.0,1461.0,1935.0,Multi-Family,,
"1516-Palma-Plz,-Austin,-TX-78703",,,,,,,,2.0,1.0,5212.0,,,,
"4803-Duval-St,-Unit-B,-Austin,-TX-78751",,,,,,,,3.0,2.0,2586.0,2007.0,Multi-Family,,
"500-E-48th-St,-Unit-B,-Austin,-TX-78751",,,,,,,,3.0,2.0,2364.0,2007.0,Multi-Family,,
"2000-Vista-Ln,-Unit-A,-Austin,-TX-78703",,,,,,,,2.0,1.0,943.0,1959.0,Multi-Family,,
"1200-Enfield-Rd,-Apt-203,-Austin,-TX-78703",,,,,,,,1.0,1.0,650.0,1970.0,Condo,,
"1808-Rio-Grande-St,-Austin,-TX-78701",,,,,,,,2.0,1.5,800.0,1982.0,Townhouse,,
"401-Little-Texas-Ln,-Apt-1734,-Austin,-TX-78745",,,,,,,,2.0,2.0,1073.0,,Apartment,,
"4303-Acropolis-Ct,-Apt-D,-Austin,-TX-78759",,,,,,,,2.0,1.0,780.0,,,,
"1306-Danbury-Sq,-Unit-B,-Austin,-TX-78723",,,,,,,,2.0,2.0,1163.0,1984.0,Multi-Family,,
"6211-Caddie-St,-Unit-A,-Austin,-TX-78741",,,,,,,,2.0,1.0,696.0,2019.0,Condo,,
"1704-E-M-Franklin-Ave-Apt-C,-Austin,-TX-78721",,,,,,,,2.0,1.0,1200.0,,Multi-Family,,
"3627-Manchaca-Rd,-Apt-215,-Austin,-TX-78704",,,,,,,,2.0,1.0,879.0,1983.0,Condo,,
"3111-Parker-Ln,-Apt-147,-Austin,-TX-78741",,,,,,,,1.0,1.0,728.0,,Apartment,,
"300-West-Ave,-Unit-282,-Austin,-TX-78701",,,,,,,,2.0,2.0,1168.0,,Apartment,,
"6210-Shadow-Valley-Dr,---A,-Austin,-TX-78731",,,,,,,,3.0,4.0,2889.0,1973.0,Multi-Family,,
"808-Winflo-Dr,-Apt-201,-Austin,-TX-78703",,,,,,,,1.0,1.0,400.0,,Apartment,,
"1000-San-Marcos-St,-Unit-201,-Austin,-TX-78702",,,,,,,,1.0,1.0,762.0,,Apartment,,
"3202-French-Pl,-Unit-A,-Austin,-TX-78722",,,,,,,,3.0,2.0,1188.0,1984.0,Multi-Family,,
"7000-Oak-Meadow-Cir,-Apt-D,-Austin,-TX-78736",,,,,,,,2.0,1.5,955.0,1981.0,Multi-Family,,
"2000-Riverview-St,-Austin,-TX-78702",,,,,,,,3.0,1.0,664.0,1915.0,Land,,
"1717-W-35th-St,-Apt-201,-Austin,-TX-78703",,,,,,,,2.0,2.0,925.0,,Apartment,,
"1904-E-17th-St,-Unit-B,-Austin,-TX-78702",,,,,,,,2.0,2.5,850.0,2016.0,Single Family,,
"6709-Windrift-Way,-Austin,-TX-78745",,,,,,,,3.0,2.5,1400.0,,Single Family,,
"2401-Longview-St,-Austin,-TX-78705",,,,,,,,4.0,2.0,,,Apartment,,
"2414-Forest-Ave,-Austin,-TX-78704",,,,,,,,2.0,1.0,1070.0,1947.0,Single Family,,
"9200-Sedgemoor-Trl,-Unit-A,-Austin,-TX-78748",,,,,,,,3.0,2.0,2102.0,1984.0,Multi-Family,,
"2211-E-18th-St,-Unit-A,-Austin,-TX-78702",,,,,,,,4.0,2.0,1641.0,2016.0,Single Family,,
"7900-Ibis-Cv,-Unit-A,-Austin,-TX-78745",,,,,,,,2.0,1.0,1715.0,1984.0,Multi-Family,,
"1638-E-2nd-St,-Austin,-TX-78702",,,,,,,,,,,2019.0,Apartment,,
"1311-Hackberry-St,-Austin,-TX-78702",,,,,,,,4.0,2.0,2100.0,,Land,,
"300-Bowie-St,-Apt-2605,-Austin,-TX-78703",,,,,,,,2.0,2.0,983.0,2007.0,Condo,,
"7903-Brodie-Ln,-Unit-B,-Austin,-TX-78745",,,,,,,,3.0,2.0,1427.0,2019.0,Multi-Family,,
"3812-Speedway,-Austin,-TX-78751",,,,,,,,0.0,1.0,,,Apartment,,
"2917-Pearl-St,-Austin,-TX-78705",,,,,,,,3.0,2.0,1566.0,1939.0,Single Family,,
"2705-E-22nd-St,-Unit-B,-Austin,-TX-78722",,,,,,,,3.0,1.0,1100.0,1942.0,Single Family,,
"2108-N-River-Hills-Rd,-Austin,-TX-78733",,,,,,,,3.0,2.0,2050.0,2002.0,Single Family,,
"800-San-Antonio-St,-Apt-5,-Austin,-TX-78701",,,,,,,,1.0,1.0,985.0,,Apartment,,
"10616-Mellow-Meadows-Dr,-Unit-46D,-Austin,-TX-78750",,,,,,,,2.0,2.0,952.0,1990.0,Condo,,
"11301-Farrah,-Unit-1015,-Austin,-TX-78748",,,,,,,,1.0,1.0,725.0,,Apartment,,
"800-San-Antonio-St,-Apt-6,-Austin,-TX-78701",,,,,,,,1.0,1.0,763.0,,Apartment,,
"4520-Duval-St,-Apt-201,-Austin,-TX-78751",,,,,,,,1.0,1.0,,,Apartment,,
"1302-W-24th-St,-Apt-109,-Austin,-TX-78705",,,,,,,,1.0,1.0,564.0,,Apartment,,
"4100-Ave-C,-Apt-109,-Austin,-TX-78751",,,,,,,,1.0,1.0,540.0,1978.0,Apartment,,
"3000-Kramer-Ln,-Austin,-TX-78758",,,,,,,,1.0,1.0,,2017.0,Townhouse,,
"6201-Sneed-Cv,-Austin,-TX-78744",,,,,,,,1.0,1.0,500.0,1984.0,Apartment,,
"3215-Exposition-Blvd,-Apt-A14,-Austin,-TX-78703",,,,,,,,3.0,3.5,2415.0,2017.0,Apartment,,
"3110-Red-River-St,-Apt-208,-Austin,-TX-78705",,,,,,,,1.0,1.0,573.0,1973.0,Condo,,
"1204-Cometa-St,-Unit-B,-Austin,-TX-78721",,,,,,,,2.0,2.5,1116.0,,Condo,,
"7801-Shoal-Creek-Blvd,-Apt-254,-Austin,-TX-78757",,,,,,,,2.0,1.0,832.0,1968.0,Condo,,
"8800-Springmail-Cir,-Unit-B,-Austin,-TX-78729",,,,,,,,2.0,2.0,980.0,1983.0,Multi-Family,,
"3702-S-2nd-St,-Apt-107,-Austin,-TX-78704",,,,,,,,,1.0,500.0,,Apartment,,
"2305-Ventura-Dr,-Unit-A,-Austin,-TX-78741",,,,,,,,2.0,1.0,857.0,1967.0,Multi-Family,,
"7945-Gault-St,-Apt-204,-Austin,-TX-78757",,,,,,,,2.0,1.0,840.0,,Apartment,,
"808-Edgecliff-Ter,-Unit-A,-Austin,-TX-78704",,,,,,,,2.0,2.0,1050.0,1969.0,Single Family,,
"8001-Gessner-Dr,-Apt-146,-Austin,-TX-78753",,,,,,,,1.0,1.0,400.0,,Apartment,,
"12246-Abbey-Glen-Ln,-Unit-D,-Austin,-TX-78753",,,,,,,,3.0,2.5,1722.0,2006.0,Condo,,
"1111-E-3rd-St,-Unit-1,-Austin,-TX-78702",,,,,,,,2.0,2.0,1505.0,1915.0,Single Family,,
"2808-Skyway-Cir,-Apt-102,-Austin,-TX-78704",,,,,,,,2.0,1.5,903.0,1968.0,Multi-Family,,
"807-Baylor-St,-Apt-C,-Austin,-TX-78703",,,,,,,,2.0,1.0,1656.0,,,,
"701-W-North-Loop-Blvd,-Apt-111,-Austin,-TX-78751",,,,,,,,1.0,1.5,750.0,,Apartment,,
"7107-Silver-Dale-Dr,-Apt-C,-Austin,-TX-78736",,,,,,,,2.0,1.5,1074.0,,Multi-Family,,
"2005-Lipanes-Trl,-Austin,-TX-78733",,,,,,,,2.0,1.0,720.0,,Single Family,,
"2101-Lipanes-Trl,-Austin,-TX-78733",,,,,,,,2.0,1.0,920.0,1948.0,Single Family,,
"6917-Scenic-Brook-Dr,-Unit-B,-Austin,-TX-78736",,,,,,,,2.0,1.5,1250.0,1971.0,Multi-Family,,
"8033-Gessner-Dr,-Apt-245,-Austin,-TX-78753",,,,,,,,2.0,1.5,900.0,,Apartment,,
"8033-Gessner-Dr,-Apt-141,-Austin,-TX-78753",,,,,,,,1.0,1.0,725.0,,Apartment,,
"11519-Pecan-Creek-Pkwy,-Apt-6,-Austin,-TX-78750",,,,,,,,2.0,1.0,800.0,1979.0,Apartment,,
"6605-Scrub-Oak-Ln,-Unit-A,-Austin,-TX-78759",,,,,,,,3.0,2.0,2040.0,1978.0,Multi-Family,,
"121-Beneteau-Dr,-Austin,-TX-78738",,,,,,,,3.0,2.0,2068.0,2016.0,Condo,,
"14815-Avery-Ranch-Blvd,-Austin,-TX-78717",,,,,,,,2.0,2.0,1284.0,2009.0,Townhouse,,
"11519-Pecan-Creek-Pkwy,-Apt-7,-Austin,-TX-78750",,,,,,,,2.0,1.0,875.0,,Apartment,,
"8702-Weiser-Dr,-Unit-A,-Austin,-TX-78729",,,,,,,,3.0,2.0,1050.0,1998.0,Multi-Family,,
"12403-Mellow-Meadow-Dr,-Austin,-TX-78750",,,,,,,,1.0,1.0,642.0,1986.0,Apartment,,
"10801-S-Interstate-35-Frontage-Rd,-Austin,-TX-78747",,,,,,,,1.0,1.0,626.0,2017.0,Apartment,,
"2202-Enfield-Rd,---213,-Austin,-TX-78703",,,,,,,,3.0,2.0,1150.0,,Apartment,,
"908-W-21st-St,-Apt-302,-Austin,-TX-78705",,,,,,,,5.0,3.0,1700.0,2012.0,Apartment,,
"11119-Alterra-Pkwy,-Austin,-TX-78758",,,,,,,,0.0,1.0,324.0,2015.0,Apartment,,
"3306-Harris-Park-Ave-Apt-B,-Austin,-TX-78705",,,,,,,,2.0,1.0,1100.0,1938.0,Multi-Family,,
"4410-Jester-Dr,-Unit-A,-Austin,-TX-78745",,,,,,,,2.0,2.0,1196.0,1955.0,Single Family,,
"2001-Sharper-Mews-Ln,-Unit-211,-Austin,-TX-78741",,,,,,,,2.0,2.5,1408.0,2019.0,Condo,,
"2812-Rio-Grande-St,-Austin,-TX-78705",,,,,,,,1.0,1.0,500.0,,Apartment,,
"10810-Topperwein-Dr,-Apt-D,-Austin,-TX-78758",,,,,,,,2.0,1.0,969.0,,,,
"3703-Harmon-Ave,-Unit-20416,-Austin,-TX-78705",,,,,,,,1.0,1.0,,1969.0,Apartment,,
"2301-Rachael-Ct,-Apt-C,-Austin,-TX-78748",,,,,,,,2.0,1.0,802.0,,Multi-Family,,
"11905-Deering-Pl,-Austin,-TX-78726",,,,,,,,3.0,2.0,1985.0,,Single Family,,
"2301-Rachael-Ct,-Apt-B,-Austin,-TX-78748",,,,,,,,2.0,1.0,802.0,,Multi-Family,,
"4600-Nuckols-Crossing-Rd,-Austin,-TX-78744",,,,,,,,1.0,1.0,782.0,,Single Family,,
"2001-Sharper-Mews-Ln,-Austin,-TX-78741",,,,,,,,2.0,2.0,,,Single Family,,
"2202-Leah-Cv,-Apt-D,-Austin,-TX-78748",,,,,,,,2.0,1.0,,,Apartment,,
"1320-Robert-Browning-St,-Austin,-TX-78723",,,,,,,,1.0,1.0,551.0,2010.0,Single Family,,
"2406-Bluebonnet-Ln,-Apt-105,-Austin,-TX-78704",,,,,,,,0.0,1.0,,1985.0,Apartment,,
"1501-E-4th-St,-Austin,-TX-78702",,,,,,,,2.0,2.0,1054.0,,Single Family,,
"1512-Forest-Trl,-Apt-100,-Austin,-TX-78703",,,,,,,,2.0,2.0,1271.0,2013.0,Apartment,,
"2712-Windswept-Cv,-Unit-202,-Austin,-TX-78745",,,,,,,,2.0,1.0,925.0,1972.0,Multi-Family,,
"4210-Red-River-St,-Apt-234,-Austin,-TX-78751",,,,,,,,1.0,1.0,600.0,,Condo,,
"9120-Sedgemoor-Trl,-Unit-A,-Austin,-TX-78748",,,,,,,,2.0,2.0,906.0,1984.0,Multi-Family,,
"3509-Alpine-Cir,-Unit-102,-Austin,-TX-78704",,,,,,,,2.0,1.5,970.0,1972.0,Multi-Family,,
"111-W-38th-St,-Apt-106,-Austin,-TX-78705",,,,,,,,0.0,1.0,450.0,1977.0,Apartment,,
"2009-Ashby-Ave-Unit-B,-Austin,-TX-78704",,,,,,,,2.0,1.5,1000.0,1970.0,Single Family,,
"2408-Leon-St,-Apt-104,-Austin,-TX-78705",,,,,,,,2.0,2.0,891.0,1965.0,Apartment,,
"2906-Sweeney-Ln,-Apt-D,-Austin,-TX-78723",,,,,,,,1.0,1.0,650.0,1972.0,Multi-Family,,
"1600-West-Ave,-Apt-26,-Austin,-TX-78701",,,,,,,,1.0,1.0,800.0,,Apartment,,
"1220-Southport-Dr,-Austin,-TX-78704",,,,,,,,2.0,1.0,,,Condo,,
"4701-Lake-George-Ln,-Austin,-TX-78754",,,,,,,,3.0,2.0,1399.0,,Single Family,,
"4901-Merritt-Cir,-Apt-D,-Austin,-TX-78744",,,,,,,,2.0,1.0,780.0,,Apartment,,
"8001-Gessner-Dr,-Apt-130,-Austin,-TX-78753",,,,,,,,1.0,1.0,400.0,1984.0,Apartment,,
"2800-Bartons-Bluff-Ln,-Apt-906,-Austin,-TX-78746",,,,,,,,1.0,2.0,800.0,,Apartment,,
"1144-Gunter-St,-Apt-302,-Austin,-TX-78721",,,,,,,,3.0,2.5,1590.0,,Condo,,
"2800-Bartons-Bluff-Ln,-Apt-608,-Austin,-TX-78746",,,,,,,,2.0,2.0,1036.0,1985.0,Apartment,,
"2818-Nueces-St,-Apt-302,-Austin,-TX-78705",,,,,,,,1.0,1.0,550.0,1984.0,Apartment,,
"2818-Nueces-St,-Apt-207,-Austin,-TX-78705",,,,,,,,1.0,1.0,14824.0,,Apartment,,
"4307-Ave-A,-Apt-206,-Austin,-TX-78751",,,,,,,,1.0,1.0,540.0,,Single Family,,
"2529-Rio-Grande-St,-Apt-13,-Austin,-TX-78705",,,,,,,,3.0,2.5,2015.0,1977.0,Condo,,
"5305-Indio-Cv,-Apt-D,-Austin,-TX-78745",,,,,,,,2.0,2.0,4192.0,1983.0,Multi-Family,,
"701-E-45th-St,-Apt-B,-Austin,-TX-78751",,,,,,,,2.0,1.0,1100.0,1925.0,Multi-Family,,
"2710-Whitis-Ave-Apt-B,-Austin,-TX-78705",,,,,,,,6.0,2.0,2150.0,1950.0,Multi-Family,,
"2706-Cole-St,-Unit-101B,-Austin,-TX-78705",,,,,,,,2.0,1.0,812.0,1973.0,Condo,,
"2710-Whitis-Ave-Apt-A,-Austin,-TX-78705",,,,,,,,6.0,2.0,2153.0,1950.0,Multi-Family,,
