identifier_Id,lot_lotnum,lot_lotsize1,lot_lotsize2,lot_pooltype,area_blockNum,area_subdname,area_taxcodearea,address_line1,address_locality,address_postal2,address_postal3,location_accuracy,location_geoIdV4_CO,summary_proptype,summary_propertyType,summary_yearbuilt,summary_propIndicator,utilities_coolingtype,utilities_heatingtype,building_size_bldgsize,building_size_grosssize,building_size_grosssizeadjusted,building_size_livingsize,building_size_sizeInd,building_size_universalsize,building_rooms_bathsfull,building_rooms_bathstotal,building_interior_bsmtsize,building_interior_bsmttype,building_interior_fplcind,building_interior_fplctype,building_construction_constructiontype,building_construction_roofcover,building_construction_roofShape,building_construction_wallType,building_parking_garagetype,building_parking_prkgSize,building_parking_prkgSpaces,building_parking_prkgType,building_summary_archStyle,building_summary_bldgType,building_summary_imprType,building_summary_levels,building_summary_quality,building_summary_storyDesc,building_summary_viewCode,sale_amount_saletranstype,sale_amount_saleamt,sale_calculation_pricepersizeunit
180053,1,0.1721534,7499,NO POOL,4.0,PARK ESTATES,150,4009 CARLA DR,CHEYENNE,5548,C041,Rooftop,16856031afb1b236f0d628bb802eac71,SFR,SINGLE FAMILY RESIDENCE,1979,10,YES,FORCED AIR,1008,2496,1008,1008,LIVING SQFT,1008,2,2.0,1008.0,FINISHED,Y,YES,FRAME,COMPOSITION SHINGLE,GABLE,WOOD,"Garage, Attached",480.0,2.0,"Garage, Attached",RANCH,CONVENTIONAL HOUSE,HOUSE,1,FAIR,CONVENTIONAL HOUSE,0,Resale,,
228520,,1.11,48510,NO POOL,,SHERIDAN COURT CONDOMINIUMS,150,4707 HICKORY PL,CHEYENNE,5122,C030,Rooftop,16856031afb1b236f0d628bb802eac71,CONDOMINIUM,CONDOMINIUM,1974,11,,HOT WATER,8184,33164,8184,8184,LIVING SQFT,8184,8,16.0,,,,,FRAME,COMPOSITION SHINGLE,GABLE,ALUMINUM/VINYL,,420.0,,,CONDO/APARTMENT,COMMERCIAL,COMMERCIAL,2,FAIR,COMMERCIAL,0,Resale,131906.0,16.12
239936,"17,18",0.8264463,36000,NO POOL,4.0,ALL AMERICA SUBDIVISION,117,252 E IDAHO ST,CHEYENNE,8902,H056,Rooftop,16856031afb1b236f0d628bb802eac71,SFR,SINGLE FAMILY RESIDENCE,1978,10,,FORCED AIR,1366,2378,1366,1366,LIVING SQFT,1366,2,2.0,1012.0,FINISHED,Y,YES,FRAME,COMPOSITION SHINGLE,GABLE,WOOD,"Garage, Detached",528.0,2.0,"Garage, Detached",RANCH,CONVENTIONAL HOUSE,HOUSE,1,AVERAGE,CONVENTIONAL HOUSE,0,Resale,253521.0,185.59
240202,1,4.66,202990,,9.0,ALL AMERICA SUBDIVISION,117,9420 MICHIGAN ST,CHEYENNE,9613,R013,Rooftop,16856031afb1b236f0d628bb802eac71,SFR,SINGLE FAMILY RESIDENCE,2001,10,YES,FORCED AIR,1830,4408,1830,1830,LIVING SQFT,1830,3,3.0,1810.0,FINISHED,,,FRAME,COMPOSITION SHINGLE,GABLE,BRICK/STONE (BRICK AND/OR STONE),Mixed,1168.0,5.0,Mixed,RANCH,CONVENTIONAL HOUSE,HOUSE,1,AVERAGE,CONVENTIONAL HOUSE,0,Resale,335985.0,183.6
263622,"14,15",0.2238292,9750,NO POOL,6.0,FRONTIER GARDENS,150,4717 MORAN AVE,CHEYENNE,5218,C036,Rooftop,16856031afb1b236f0d628bb802eac71,SFR,SINGLE FAMILY RESIDENCE,1965,10,,FORCED AIR,960,2232,960,960,LIVING SQFT,960,2,2.0,960.0,FINISHED,Y,YES,FRAME,COMPOSITION SHINGLE,GABLE,ALUMINUM/VINYL,Mixed,888.0,3.0,Mixed,RANCH,CONVENTIONAL HOUSE,HOUSE,1,FAIR,CONVENTIONAL HOUSE,0,Resale,357688.0,372.59
268220,8,0.137741,6000,NO POOL,17.0,PARK PLAZA TECH CENTER,150,4701 ONTARIO AVE,CHEYENNE,5633,C041,Rooftop,16856031afb1b236f0d628bb802eac71,SFR,SINGLE FAMILY RESIDENCE,1983,10,,FORCED AIR,912,2224,912,912,LIVING SQFT,912,2,2.0,912.0,FINISHED,Y,YES,FRAME,COMPOSITION SHINGLE,GABLE,ALUMINUM/VINYL,"Garage, Attached",400.0,2.0,"Garage, Attached",RANCH,CONVENTIONAL HOUSE,HOUSE,1,FAIR,CONVENTIONAL HOUSE,0,Resale,276760.0,303.46
273859,10,0.1636823,7130,NO POOL,4.0,MONTEREY HEIGHTS,150,6901 WILLSHIRE BLVD,CHEYENNE,2708,C050,Rooftop,16856031afb1b236f0d628bb802eac71,SFR,SINGLE FAMILY RESIDENCE,1963,10,,FORCED AIR,1498,2798,1498,1498,LIVING SQFT,1498,2,2.0,936.0,FINISHED,Y,YES,FRAME,COMPOSITION SHINGLE,GABLE,BRICK/STONE (BRICK AND/OR STONE),"Garage, Attached",364.0,1.0,"Garage, Attached",,CONVENTIONAL HOUSE,HOUSE,2,FAIR,CONVENTIONAL HOUSE,0,Resale,146826.0,98.01
276339,11,0.170753,7438,NO POOL,6.0,FRONTIER GARDENS,150,4755 MORAN AVE,CHEYENNE,5218,C036,Rooftop,16856031afb1b236f0d628bb802eac71,SFR,SINGLE FAMILY RESIDENCE,1961,10,,FORCED AIR,957,2262,957,957,LIVING SQFT,957,1,1.0,957.0,FINISHED,,,FRAME,COMPOSITION SHINGLE,GABLE,ALUMINUM/VINYL,"Garage, Attached",348.0,1.0,"Garage, Attached",RANCH,CONVENTIONAL HOUSE,HOUSE,1,FAIR,CONVENTIONAL HOUSE,0,Resale,,
278288,4,0.2117769,9225,NO POOL,14.0,INDIAN HILLS,150,729 APACHE ST,CHEYENNE,4220,C045,Rooftop,16856031afb1b236f0d628bb802eac71,SFR,SINGLE FAMILY RESIDENCE,1958,10,YES,FORCED AIR,1152,2064,1152,1152,LIVING SQFT,1152,1,2.0,912.0,FINISHED,Y,YES,FRAME,COMPOSITION SHINGLE,GABLE,ALUMINUM/VINYL,"Garage, Detached",576.0,2.0,"Garage, Detached",RANCH,CONVENTIONAL HOUSE,HOUSE,1,LOW,CONVENTIONAL HOUSE,0,Resale,264528.0,229.63
302952,,2.99,130244,NO POOL,,,117,7812 YELLOWSTONE RD,CHEYENNE,1618,H056,Rooftop,16856031afb1b236f0d628bb802eac71,SFR,SINGLE FAMILY RESIDENCE,1978,10,YES,FORCED AIR,1860,3310,1860,1860,LIVING SQFT,1860,2,3.0,800.0,FINISHED,Y,YES,FRAME,COMPOSITION SHINGLE,GABLE,ALUMINUM/VINYL,"Garage, Attached",650.0,2.0,"Garage, Attached",,CONVENTIONAL HOUSE,HOUSE,2,AVERAGE,CONVENTIONAL HOUSE,0,REO (Real Estate-Owned),226000.0,121.51
329414,,5.76,250906,NO POOL,,TABLE MOUNTAIN RANCHES,117,1442 GILCHRIST RD,CHEYENNE,9061,H060,Rooftop,16856031afb1b236f0d628bb802eac71,SFR,SINGLE FAMILY RESIDENCE,1976,10,,FORCED AIR,1420,3320,1420,1420,LIVING SQFT,1420,2,2.0,1420.0,,Y,YES,FRAME,COMPOSITION SHINGLE,GABLE,ALUMINUM/VINYL,"Garage, Attached",480.0,2.0,"Garage, Attached",RANCH,CONVENTIONAL HOUSE,HOUSE,1,LOW,CONVENTIONAL HOUSE,0,Resale,259462.0,182.72
336045,6,0.1822314,7938,NO POOL,7.0,FRONTIER GARDENS,150,4756 MORAN AVE,CHEYENNE,5219,C036,Rooftop,16856031afb1b236f0d628bb802eac71,SFR,SINGLE FAMILY RESIDENCE,1964,10,,FORCED AIR,960,2208,960,960,LIVING SQFT,960,2,2.0,960.0,FINISHED,,,FRAME,COMPOSITION SHINGLE,GABLE,ALUMINUM/VINYL,Mixed,1008.0,4.0,Mixed,RANCH,CONVENTIONAL HOUSE,HOUSE,1,FAIR,CONVENTIONAL HOUSE,0,Resale,231238.0,240.87
336046,,11.33,493535,SPA/HOT TUB (ONLY),,NORTH COUNTRY,117,1767 POWDERHOUSE RD,CHEYENNE,8515,H056,Rooftop,16856031afb1b236f0d628bb802eac71,SFR,SINGLE FAMILY RESIDENCE,2001,10,,FORCED AIR,2338,6806,2338,2338,LIVING SQFT,2338,4,5.0,2324.0,FINISHED,Y,YES,FRAME,COMPOSITION SHINGLE,GABLE/HIP,WOOD,"Garage, Attached",1264.0,5.0,"Garage, Attached",RANCH,CONVENTIONAL HOUSE,HOUSE,1,AVERAGE,CONVENTIONAL HOUSE,0,Resale,388875.0,166.33
336047,15,0.2090909,9108,NO POOL,3.0,YELLOWSTONE ADDITION,150,132 DELL RANGE BLVD,CHEYENNE,4706,C043,Rooftop,16856031afb1b236f0d628bb802eac71,SFR,SINGLE FAMILY RESIDENCE,1965,10,,FORCED AIR,1380,2676,1380,1380,LIVING SQFT,1380,2,2.0,1044.0,FINISHED,Y,YES,FRAME,COMPOSITION SHINGLE,GABLE,BRICK/STONE (BRICK AND/OR STONE),"Garage, Attached",252.0,1.0,"Garage, Attached",RANCH,CONVENTIONAL HOUSE,HOUSE,1,FAIR,CONVENTIONAL HOUSE,0,Resale,145500.0,105.43
344215,2,0.1625344,7080,NO POOL,22.0,MONTEREY HEIGHTS,150,6717 PASADENA RD,CHEYENNE,2807,C050,Rooftop,16856031afb1b236f0d628bb802eac71,SFR,SINGLE FAMILY RESIDENCE,1977,10,,FORCED AIR,1360,2260,1360,1360,LIVING SQFT,1360,2,3.0,440.0,FINISHED,Y,YES,FRAME,COMPOSITION SHINGLE,GABLE/HIP,ALUMINUM/VINYL,"Garage, Built-in",460.0,2.0,"Garage, Built-in",SPLIT LEVEL,CONVENTIONAL HOUSE,HOUSE,2,AVERAGE,CONVENTIONAL HOUSE,0,Resale,,
429875,2,0.0407484,1775,NO POOL,1.0,ATRIUM TOWNHOMES,150,1427 TRENT CT,CHEYENNE,4078,C046,Rooftop,16856031afb1b236f0d628bb802eac71,TOWNHOUSE/ROWHOUSE,TOWNHOUSE,1985,10,,FORCED AIR,1296,2020,1296,1296,LIVING SQFT,1296,2,3.0,724.0,FINISHED,Y,YES,FRAME,COMPOSITION SHINGLE,GABLE,WOOD,"Garage, Detached",528.0,2.0,"Garage, Detached",TOWNHOUSE,MISCELLANEOUS,MISCELLANEOUS,2,FAIR,MISCELLANEOUS,0,Resale,306783.0,236.72
463382,12,0.2240129,9758,NO POOL,24.0,BUFFALO RIDGE ESTATES,150,5200 SAGEBRUSH AVE,CHEYENNE,5348,C036,Rooftop,16856031afb1b236f0d628bb802eac71,SFR,SINGLE FAMILY RESIDENCE,1959,10,,FORCED AIR,939,1878,939,939,LIVING SQFT,939,1,1.0,939.0,FINISHED,,,FRAME,COMPOSITION SHINGLE,HIP,BRICK/STONE (BRICK AND/OR STONE),,,,,RANCH,CONVENTIONAL HOUSE,HOUSE,1,FAIR,CONVENTIONAL HOUSE,0,Resale,129413.0,137.82
476916,4,0.1706612,7434,NO POOL,21.0,MONTEREY HEIGHTS,150,6925 PASADENA RD,CHEYENNE,2805,C050,Rooftop,16856031afb1b236f0d628bb802eac71,SFR,SINGLE FAMILY RESIDENCE,1978,10,,FORCED AIR,962,2290,962,962,LIVING SQFT,962,2,2.0,816.0,FINISHED,,,FRAME,COMPOSITION SHINGLE,GABLE/HIP,ALUMINUM/VINYL,"Garage, Attached",512.0,2.0,"Garage, Attached",BI-LEVEL,CONVENTIONAL HOUSE,HOUSE,1,AVERAGE,CONVENTIONAL HOUSE,0,Resale,178770.0,185.83
476918,,10.33,449975,NO POOL,,HORSEMAN HILLS,117,1971 MORGAN DR,CHEYENNE,9318,H059,Rooftop,16856031afb1b236f0d628bb802eac71,SFR,SINGLE FAMILY RESIDENCE,1980,10,,FORCED AIR,2000,3456,2000,2000,LIVING SQFT,2000,2,3.0,832.0,FINISHED,Y,YES,FRAME,COMPOSITION SHINGLE,GABLE,ALUMINUM/VINYL,"Garage, Attached",528.0,2.0,"Garage, Attached",,CONVENTIONAL HOUSE,HOUSE,2,FAIR,CONVENTIONAL HOUSE,0,Resale,629375.0,314.69
532964,,10.0,435600,NO POOL,,,117,8202 CHRISTENSEN RD,CHEYENNE,9582,R007,Rooftop,16856031afb1b236f0d628bb802eac71,SFR,SINGLE FAMILY RESIDENCE,1985,10,,BASEBOARD,1602,2252,1602,1602,LIVING SQFT,1602,2,2.0,,,,,FRAME,COMPOSITION SHINGLE,GABLE,ALUMINUM/VINYL,"Garage, Attached",650.0,2.0,"Garage, Attached",RANCH,CONVENTIONAL HOUSE,HOUSE,1,AVERAGE,CONVENTIONAL HOUSE,0,Resale,233922.0,146.02
562213,,5.83,253955,,,GRANITE SPRINGS RETREAT,117,1372 KATE CAMERON DR,CHEYENNE,7403,H060,Rooftop,16856031afb1b236f0d628bb802eac71,SFR,SINGLE FAMILY RESIDENCE,2003,10,,HOT WATER,2574,4344,2574,2574,LIVING SQFT,2574,4,5.0,1770.0,FINISHED,Y,YES,LOG,COMPOSITION SHINGLE,GABLE,LOGS,"Garage, Detached",988.0,4.0,"Garage, Detached",TLOG HOME,CONVENTIONAL HOUSE,HOUSE,2,GOOD,CONVENTIONAL HOUSE,0,Resale,470264.0,182.7
578088,25,0.1962121,8547,NO POOL,8.0,CREST RIDGE,150,3009 HOLLAND CT,CHEYENNE,4566,C048,Rooftop,16856031afb1b236f0d628bb802eac71,SFR,SINGLE FAMILY RESIDENCE,1996,10,YES,FORCED AIR,980,2454,980,980,LIVING SQFT,980,2,3.0,980.0,FINISHED,,,FRAME,COMPOSITION SHINGLE,GABLE,WOOD,"Garage, Attached",494.0,2.0,"Garage, Attached",RANCH,CONVENTIONAL HOUSE,HOUSE,1,AVERAGE,CONVENTIONAL HOUSE,0,Resale,322525.0,329.11
652173,5,4.57,199069,,4.0,CHERRY HILLS OF CHEYENNE,117,10664 CHERRY WOOD LN,CHEYENNE,9454,R012,Rooftop,16856031afb1b236f0d628bb802eac71,SFR,SINGLE FAMILY RESIDENCE,2003,10,YES,FORCED AIR,1820,4336,1820,1820,LIVING SQFT,1820,3,3.0,1820.0,FINISHED,,,FRAME,COMPOSITION SHINGLE,GABLE,WOOD,Mixed,392.0,3.0,Mixed,RANCH,CONVENTIONAL HOUSE,HOUSE,1,AVERAGE,CONVENTIONAL HOUSE,0,Resale,400000.0,219.78
670631,,11.8,514008,,,NORTH COUNTRY,117,2653 CHEVY RD,CHEYENNE,8508,H056,Rooftop,16856031afb1b236f0d628bb802eac71,SFR,SINGLE FAMILY RESIDENCE,2004,10,YES,FORCED AIR,2616,6198,2616,2616,LIVING SQFT,2616,4,5.0,2598.0,FINISHED,,,FRAME,COMPOSITION SHINGLE,GABLE,ALUMINUM/VINYL,Mixed,1200.0,8.0,Mixed,RANCH,CONVENTIONAL HOUSE,HOUSE,1,GOOD,CONVENTIONAL HOUSE,0,Resale,,
670632,,2.36,102802,,,VOSSLER TRACTS,117,7115 WOODS RD,CHEYENNE,3157,R003,Rooftop,16856031afb1b236f0d628bb802eac71,SFR,SINGLE FAMILY RESIDENCE,1945,10,YES,FORCED AIR,2476,4936,2476,2476,LIVING SQFT,2476,3,3.0,2460.0,FINISHED,,,FRAME,COMPOSITION SHINGLE,GABLE,ALUMINUM/VINYL,"Garage, Basement",1230.0,5.0,"Garage, Basement",RANCH,CONVENTIONAL HOUSE,HOUSE,1,FAIR,CONVENTIONAL HOUSE,0,Resale,181250.0,73.2
685272,17,0.0832415,3626,NO POOL,1.0,VIRGINIA MEADOWS,150,818 OAK VALLEY LN,CHEYENNE,4296,C045,Rooftop,16856031afb1b236f0d628bb802eac71,TOWNHOUSE/ROWHOUSE,TOWNHOUSE,1997,10,YES,FORCED AIR,1584,2740,1584,1584,LIVING SQFT,1584,2,3.0,702.0,FINISHED,,,FRAME,COMPOSITION SHINGLE,GABLE,ALUMINUM/VINYL,"Garage, Built-in",454.0,2.0,"Garage, Built-in",TOWNHOUSE,MISCELLANEOUS,MISCELLANEOUS,2,AVERAGE,MISCELLANEOUS,0,Resale,357078.0,225.43
731870,9,0.1948577,8488,NO POOL,12.0,CENTURY WEST,150,5110 TEN SLEEP DR,CHEYENNE,4939,C030,Rooftop,16856031afb1b236f0d628bb802eac71,SFR,SINGLE FAMILY RESIDENCE,1978,10,,FORCED AIR,1382,2262,1382,1382,LIVING SQFT,1382,2,3.0,440.0,FINISHED,Y,YES,FRAME,COMPOSITION SHINGLE,GABLE,WOOD,"Garage, Built-in",440.0,2.0,"Garage, Built-in",SPLIT LEVEL,CONVENTIONAL HOUSE,HOUSE,2,AVERAGE,CONVENTIONAL HOUSE,0,Resale,212240.0,153.57
1672959,,7.13,310583,,,GRANITE SPRINGS RETREAT,117,1333 MAHOGANY CT,CHEYENNE,9053,H060,Rooftop,16856031afb1b236f0d628bb802eac71,SFR,SINGLE FAMILY RESIDENCE,2004,10,,FORCED AIR,2288,2908,2288,2288,LIVING SQFT,2288,2,3.0,,,,,FRAME,COMPOSITION SHINGLE,SHED,ALUMINUM/VINYL,Mixed,1820.0,7.0,Mixed,,CONVENTIONAL HOUSE,HOUSE,3,AVERAGE,CONVENTIONAL HOUSE,0,Resale,295943.0,129.35
1672960,,5.98,260489,NO POOL,,GRANITE SPRINGS RETREAT,117,1364 KATE CAMERON DR,CHEYENNE,7403,H060,Rooftop,16856031afb1b236f0d628bb802eac71,SFR,SINGLE FAMILY RESIDENCE,2000,10,,FORCED AIR,2084,3294,2084,2084,LIVING SQFT,2084,2,2.0,490.0,,,,FRAME,COMPOSITION SHINGLE,GABLE,ALUMINUM/VINYL,"Garage, Attached",720.0,3.0,"Garage, Attached",,CONVENTIONAL HOUSE,HOUSE,2,AVERAGE,CONVENTIONAL HOUSE,0,Resale,613750.0,294.51
1672961,,5.48,238709,,,GRANITE SPRINGS RETREAT,117,1365 KATE CAMERON DR,CHEYENNE,7403,H060,Rooftop,16856031afb1b236f0d628bb802eac71,SFR,SINGLE FAMILY RESIDENCE,1996,10,,FORCED AIR,2436,3860,2436,2436,LIVING SQFT,2436,3,4.0,808.0,FINISHED,,,FRAME,COMPOSITION SHINGLE,CATHEDRAL/CLERESTORY,WOOD,"Garage, Built-in",616.0,2.0,"Garage, Built-in",,CONVENTIONAL HOUSE,HOUSE,2,AVERAGE,CONVENTIONAL HOUSE,0,Resale,359999.0,147.78
1672962,,5.64,245678,,,GRANITE SPRINGS RETREAT,117,1324 KATE CAMERON DR,CHEYENNE,7403,H060,Rooftop,16856031afb1b236f0d628bb802eac71,SFR,SINGLE FAMILY RESIDENCE,1998,10,CENTRAL,BASEBOARD,2291,5742,2291,2291,LIVING SQFT,2291,3,3.0,2331.0,FINISHED,,,FRAME,COMPOSITION SHINGLE,GABLE,OTHER (NOT CLASSIFIED),"Garage, Attached",1120.0,4.0,"Garage, Attached",RANCH,CONVENTIONAL HOUSE,HOUSE,1,AVERAGE,CONVENTIONAL HOUSE,0,Resale,449625.0,196.26
1672963,,6.17,268765,NO POOL,,GRANITE SPRINGS RETREAT,117,1381 KATE CAMERON DR,CHEYENNE,7403,H060,Rooftop,16856031afb1b236f0d628bb802eac71,SFR,SINGLE FAMILY RESIDENCE,1997,10,,FORCED AIR,2280,3240,2280,2280,LIVING SQFT,2280,3,3.0,960.0,FINISHED,,,LOG,METAL,GABLE,LOGS,"Garage, Detached",1200.0,5.0,"Garage, Detached",TLOG HOME,CONVENTIONAL HOUSE,HOUSE,2,AVERAGE,CONVENTIONAL HOUSE,0,,,
1672964,,38.78,1689257,,,,117,1393 KATE CAMERON DR,CHEYENNE,7403,H060,Rooftop,16856031afb1b236f0d628bb802eac71,SFR,SINGLE FAMILY RESIDENCE,1994,10,,FORCED AIR,1560,3120,1560,1560,LIVING SQFT,1560,2,3.0,1560.0,FINISHED,,,FRAME,COMPOSITION SHINGLE,GABLE,WOOD,"Garage, Basement",660.0,2.0,"Garage, Basement",RANCH,CONVENTIONAL HOUSE,HOUSE,1,LOW,CONVENTIONAL HOUSE,0,Resale,250000.0,160.26
1672965,,38.79,1689692,INDOOR POOL,,,117,1431 KATE CAMERON DR,CHEYENNE,7360,H060,Rooftop,16856031afb1b236f0d628bb802eac71,SFR,SINGLE FAMILY RESIDENCE,1998,10,YES,FORCED AIR,2208,4966,2208,2208,LIVING SQFT,2208,3,3.0,2182.0,FINISHED,,,FRAME,COMPOSITION SHINGLE,GABLE,ALUMINUM/VINYL,"Garage, Attached",576.0,2.0,"Garage, Attached",RANCH,CONVENTIONAL HOUSE,HOUSE,1,AVERAGE,CONVENTIONAL HOUSE,0,,,
1672966,,6.16,268330,SPA/HOT TUB (ONLY),,GRANITE SPRINGS RETREAT,117,271 LONE TREE CT,CHEYENNE,9005,H060,Rooftop,16856031afb1b236f0d628bb802eac71,SFR,SINGLE FAMILY RESIDENCE,1982,10,,BASEBOARD,2387,3527,2387,2387,LIVING SQFT,2387,2,4.0,1140.0,FINISHED,Y,YES,LOG,COMPOSITION SHINGLE,GABLE,LOGS,"Garage, Detached",552.0,2.0,"Garage, Detached",TLOG HOME,CONVENTIONAL HOUSE,HOUSE,2,AVERAGE,CONVENTIONAL HOUSE,0,Resale,286901.0,120.19
1672967,,11.0,479160,,,GRANITE SPRINGS RETREAT,117,268 LONE TREE CT,CHEYENNE,9005,H060,Rooftop,16856031afb1b236f0d628bb802eac71,SFR,SINGLE FAMILY RESIDENCE,1993,10,,FORCED AIR,3424,6848,3424,3424,LIVING SQFT,3424,2,3.0,3424.0,FINISHED,,,FRAME,COMPOSITION SHINGLE,GABLE,WOOD,"Garage, Basement",936.0,4.0,"Garage, Basement",RANCH,CONVENTIONAL HOUSE,HOUSE,1,AVERAGE,CONVENTIONAL HOUSE,0,,,
1672968,,5.77,251341,NO POOL,,GRANITE SPRINGS RETREAT,117,281 VALLEY VIEW CT,CHEYENNE,7370,H060,Rooftop,16856031afb1b236f0d628bb802eac71,SFR,SINGLE FAMILY RESIDENCE,1999,10,,FORCED AIR,1549,2269,1549,1549,LIVING SQFT,1549,2,2.0,,,,,LOG,COMPOSITION SHINGLE,GABLE,LOGS,"Garage, Attached",720.0,3.0,"Garage, Attached",TLOG HOME,CONVENTIONAL HOUSE,HOUSE,2,FAIR,CONVENTIONAL HOUSE,0,Resale,,
1672969,,7.2,313632,NO POOL,,GRANITE SPRINGS RETREAT,117,1345 CURT GOWDY DR,CHEYENNE,9006,H060,Rooftop,16856031afb1b236f0d628bb802eac71,SFR,SINGLE FAMILY RESIDENCE,1978,10,,RADIANT,1640,3264,1640,1640,LIVING SQFT,1640,3,3.0,1624.0,FINISHED,Y,YES,FRAME,COMPOSITION SHINGLE,GABLE,ALUMINUM/VINYL,"Garage, Basement",672.0,2.0,"Garage, Basement",RANCH,MOBILE HOME,MOBILE HOME,1,LOW,MOBILE HOME,0,Resale,349563.0,213.15
1695613,18,0.1492195,6500,NO POOL,13.0,CENTURY WEST,150,5220 BOWIE DR,CHEYENNE,4924,C030,Rooftop,16856031afb1b236f0d628bb802eac71,SFR,SINGLE FAMILY RESIDENCE,1978,10,YES,FORCED AIR,1956,2876,1956,1956,LIVING SQFT,1956,2,3.0,440.0,FINISHED,,,FRAME,COMPOSITION SHINGLE,GABLE/HIP,WOOD,"Garage, Built-in",480.0,2.0,"Garage, Built-in",SPLIT LEVEL,CONVENTIONAL HOUSE,HOUSE,2,AVERAGE,CONVENTIONAL HOUSE,0,Resale,354280.0,181.12
1695614,11,0.2307851,10053,NO POOL,11.0,CENTURY WEST,150,5145 KING ARTHUR WAY,CHEYENNE,4907,C030,Rooftop,16856031afb1b236f0d628bb802eac71,SFR,SINGLE FAMILY RESIDENCE,1978,10,,FORCED AIR,1944,2542,1944,1944,LIVING SQFT,1944,2,3.0,,,Y,YES,FRAME,COMPOSITION SHINGLE,GABLE,ALUMINUM/VINYL,"Garage, Attached",598.0,2.0,"Garage, Attached",SPLIT LEVEL,CONVENTIONAL HOUSE,HOUSE,2,AVERAGE,CONVENTIONAL HOUSE,0,Resale,155530.0,80.01
1695615,16,0.2066116,9000,NO POOL,2.0,THE BLUFFS,150,2325 PLAIN VIEW RD,CHEYENNE,4436,C048,Rooftop,16856031afb1b236f0d628bb802eac71,SFR,SINGLE FAMILY RESIDENCE,1990,10,,FORCED AIR,2096,3542,2096,2096,LIVING SQFT,2096,3,4.0,940.0,FINISHED,,,FRAME,COMPOSITION SHINGLE,GABLE,WOOD,"Garage, Built-in",506.0,2.0,"Garage, Built-in",,CONVENTIONAL HOUSE,HOUSE,2,AVERAGE,CONVENTIONAL HOUSE,0,Resale,272168.0,129.85
1695616,13,0.1704545,7425,NO POOL,14.0,CENTURY WEST,150,5010 POINT BLF,CHEYENNE,5010,C030,Rooftop,16856031afb1b236f0d628bb802eac71,SFR,SINGLE FAMILY RESIDENCE,1978,10,,FORCED AIR,1266,2088,1266,1266,LIVING SQFT,1266,2,2.0,366.0,,,,FRAME,COMPOSITION SHINGLE,GABLE,WOOD,"Garage, Attached",456.0,2.0,"Garage, Attached",SPLIT LEVEL,CONVENTIONAL HOUSE,HOUSE,2,FAIR,CONVENTIONAL HOUSE,0,Resale,331067.0,261.51
1695617,6,0.0486685,2120,NO POOL,8.0,BBP ADDITION,150,104 CLOVER CT,CHEYENNE,5000,C030,Rooftop,16856031afb1b236f0d628bb802eac71,TOWNHOUSE/ROWHOUSE,TOWNHOUSE,1980,10,YES,FORCED AIR,984,1840,984,984,LIVING SQFT,984,2,3.0,440.0,,Y,YES,FRAME,COMPOSITION SHINGLE,GABLE,BRICK/STONE (BRICK AND/OR STONE),"Garage, Attached",416.0,2.0,"Garage, Attached",TOWNHOUSE,MISCELLANEOUS,MISCELLANEOUS,2,LOW,MISCELLANEOUS,0,Resale,252902.0,257.01
1695618,11,0.2066116,9000,NO POOL,2.0,THE BLUFFS,150,2308 PATTISON AVE,CHEYENNE,5012,C030,Rooftop,16856031afb1b236f0d628bb802eac71,SFR,SINGLE FAMILY RESIDENCE,1977,10,YES,FORCED AIR,1173,2796,1173,1173,LIVING SQFT,1173,3,3.0,1073.0,FINISHED,Y,YES,FRAME,COMPOSITION SHINGLE,GABLE,ALUMINUM/VINYL,"Garage, Attached",550.0,2.0,"Garage, Attached",BI-LEVEL,CONVENTIONAL HOUSE,HOUSE,1,FAIR,CONVENTIONAL HOUSE,0,Resale,405000.0,345.27
1695619,9,0.1728421,7529,NO POOL,7.0,CENTURY WEST,150,2312 APACHE ST,CHEYENNE,5030,C030,Rooftop,16856031afb1b236f0d628bb802eac71,SFR,SINGLE FAMILY RESIDENCE,1976,10,,FORCED AIR,1080,1344,1080,1080,LIVING SQFT,1080,1,1.0,,,,,FRAME,COMPOSITION SHINGLE,GABLE,ALUMINUM/VINYL,"Garage, Attached",264.0,1.0,"Garage, Attached",RANCH,CONVENTIONAL HOUSE,HOUSE,1,LOW,CONVENTIONAL HOUSE,0,Resale,121848.0,112.82
1695620,4,0.1492195,6500,NO POOL,13.0,CENTURY WEST,150,5201 TEN SLEEP DR,CHEYENNE,4943,C030,Rooftop,16856031afb1b236f0d628bb802eac71,SFR,SINGLE FAMILY RESIDENCE,1978,10,YES,FORCED AIR,962,2290,962,962,LIVING SQFT,962,2,2.0,816.0,FINISHED,Y,YES,FRAME,COMPOSITION SHINGLE,GABLE/HIP,WOOD,"Garage, Attached",512.0,2.0,"Garage, Attached",BI-LEVEL,CONVENTIONAL HOUSE,HOUSE,1,AVERAGE,CONVENTIONAL HOUSE,0,Resale,330687.0,343.75
1695621,7,0.1515152,6600,,12.0,CENTURY WEST,150,5110 KING ARTHUR WAY,CHEYENNE,4909,C030,Rooftop,16856031afb1b236f0d628bb802eac71,SFR,SINGLE FAMILY RESIDENCE,1978,10,,FORCED AIR,1416,2748,1416,1416,LIVING SQFT,1416,2,2.0,828.0,FINISHED,Y,YES,FRAME,COMPOSITION SHINGLE,GABLE/HIP,WOOD,"Garage, Attached",504.0,2.0,"Garage, Attached",RANCH,CONVENTIONAL HOUSE,HOUSE,1,FAIR,CONVENTIONAL HOUSE,0,Resale,209500.0,147.95
1695622,5,0.0459137,2000,NO POOL,1.0,BBP ADDITION,150,4958 KING ARTHUR WAY,CHEYENNE,5032,C030,Rooftop,16856031afb1b236f0d628bb802eac71,TOWNHOUSE/ROWHOUSE,TOWNHOUSE,1979,10,,FORCED AIR,1000,1400,1000,1000,LIVING SQFT,1000,2,2.0,460.0,FINISHED,Y,YES,FRAME,COMPOSITION SHINGLE,GABLE,BRICK/STONE (BRICK AND/OR STONE),"Garage, Attached",400.0,2.0,"Garage, Attached",TOWNHOUSE,MISCELLANEOUS,MISCELLANEOUS,2,LOW,MISCELLANEOUS,0,Resale,182876.0,182.88
1695623,11,0.1732782,7548,NO POOL,7.0,CENTURY WEST,150,2304 APACHE ST,CHEYENNE,5030,C030,Rooftop,16856031afb1b236f0d628bb802eac71,SFR,SINGLE FAMILY RESIDENCE,1976,10,YES,FORCED AIR,1056,2596,1056,1056,LIVING SQFT,1056,3,3.0,1056.0,FINISHED,,,FRAME,COMPOSITION SHINGLE,GABLE,ALUMINUM/VINYL,"Garage, Attached",484.0,2.0,"Garage, Attached",BI-LEVEL,CONVENTIONAL HOUSE,HOUSE,1,LOW,CONVENTIONAL HOUSE,0,Resale,187445.0,177.5
1695625,8,0.2500918,10894,NO POOL,11.0,CENTURY WEST,150,5144 KING ARTHUR WAY,CHEYENNE,4906,C030,Rooftop,16856031afb1b236f0d628bb802eac71,SFR,SINGLE FAMILY RESIDENCE,1978,10,,FORCED AIR,1160,3332,1160,1160,LIVING SQFT,1160,2,2.0,1160.0,FINISHED,Y,YES,FRAME,COMPOSITION SHINGLE,GABLE,WOOD,"Garage, Attached",1012.0,4.0,"Garage, Attached",RANCH,CONVENTIONAL HOUSE,HOUSE,1,AVERAGE,CONVENTIONAL HOUSE,0,Resale,204052.0,175.91
1695626,9,0.3263315,14215,NO POOL,11.0,CENTURY WEST,150,5148 KING ARTHUR WAY,CHEYENNE,4906,C030,Rooftop,16856031afb1b236f0d628bb802eac71,SFR,SINGLE FAMILY RESIDENCE,1978,10,,FORCED AIR,1387,3027,1387,1387,LIVING SQFT,1387,3,3.0,1088.0,FINISHED,Y,YES,FRAME,COMPOSITION SHINGLE,GABLE,ALUMINUM/VINYL,"Garage, Built-in",552.0,2.0,"Garage, Built-in",BI-LEVEL,CONVENTIONAL HOUSE,HOUSE,1,AVERAGE,CONVENTIONAL HOUSE,0,Resale,125000.0,90.12
1695627,1,0.1240129,5402,NO POOL,8.0,BBP ADDITION,150,94 CLOVER CT,CHEYENNE,5082,C030,Rooftop,16856031afb1b236f0d628bb802eac71,TOWNHOUSE/ROWHOUSE,TOWNHOUSE,1980,10,WALL UNIT,FORCED AIR,960,1840,960,960,LIVING SQFT,960,1,2.0,440.0,,Y,YES,FRAME,COMPOSITION SHINGLE,GABLE,BRICK/STONE (BRICK AND/OR STONE),"Garage, Attached",440.0,2.0,"Garage, Attached",TOWNHOUSE,MISCELLANEOUS,MISCELLANEOUS,2,LOW,MISCELLANEOUS,0,Resale,240404.0,250.42
1695628,8,0.1836088,7998,NO POOL,12.0,CENTURY WEST,150,5100 TEN SLEEP DR,CHEYENNE,4939,C030,Rooftop,16856031afb1b236f0d628bb802eac71,SFR,SINGLE FAMILY RESIDENCE,1978,10,YES,FORCED AIR,1168,2728,1168,1168,LIVING SQFT,1168,3,3.0,1056.0,FINISHED,Y,YES,FRAME,COMPOSITION SHINGLE,GABLE/HIP,WOOD,"Garage, Attached",504.0,2.0,"Garage, Attached",RANCH,CONVENTIONAL HOUSE,HOUSE,1,AVERAGE,CONVENTIONAL HOUSE,0,Resale,225000.0,192.64
1695629,10,0.1612029,7022,NO POOL,12.0,CENTURY WEST,150,5120 TEN SLEEP DR,CHEYENNE,4939,C030,Rooftop,16856031afb1b236f0d628bb802eac71,SFR,SINGLE FAMILY RESIDENCE,1978,10,,FORCED AIR,962,2290,962,962,LIVING SQFT,962,2,2.0,816.0,FINISHED,,,FRAME,COMPOSITION SHINGLE,GABLE/HIP,ALUMINUM/VINYL,"Garage, Attached",512.0,2.0,"Garage, Attached",BI-LEVEL,CONVENTIONAL HOUSE,HOUSE,1,AVERAGE,CONVENTIONAL HOUSE,0,,,
1695630,5,0.1492195,6500,NO POOL,13.0,CENTURY WEST,150,5141 TEN SLEEP DR,CHEYENNE,4938,C030,Rooftop,16856031afb1b236f0d628bb802eac71,SFR,SINGLE FAMILY RESIDENCE,1978,10,,FORCED AIR,1380,2260,1380,1380,LIVING SQFT,1380,2,3.0,440.0,,,,FRAME,COMPOSITION SHINGLE,GABLE,ALUMINUM/VINYL,"Garage, Built-in",440.0,2.0,"Garage, Built-in",SPLIT LEVEL,CONVENTIONAL HOUSE,HOUSE,2,AVERAGE,CONVENTIONAL HOUSE,0,Nominal/Quit Claim,,
1695631,6,0.1524564,6641,NO POOL,13.0,CENTURY WEST,150,5131 TEN SLEEP DR,CHEYENNE,4938,C030,Rooftop,16856031afb1b236f0d628bb802eac71,SFR,SINGLE FAMILY RESIDENCE,1978,10,,FORCED AIR,1312,2608,1312,1312,LIVING SQFT,1312,2,2.0,792.0,,,,FRAME,COMPOSITION SHINGLE,GABLE/HIP,WOOD,"Garage, Attached",504.0,2.0,"Garage, Attached",RANCH,CONVENTIONAL HOUSE,HOUSE,1,AVERAGE,CONVENTIONAL HOUSE,0,Nominal/Quit Claim,,
1695632,7,0.1609045,7009,NO POOL,13.0,CENTURY WEST,150,5121 TEN SLEEP DR,CHEYENNE,4938,C030,Rooftop,16856031afb1b236f0d628bb802eac71,SFR,SINGLE FAMILY RESIDENCE,1978,10,,FORCED AIR,1138,2464,1138,1138,LIVING SQFT,1138,3,3.0,798.0,FINISHED,Y,YES,FRAME,COMPOSITION SHINGLE,GABLE/HIP,WOOD,"Garage, Built-in",528.0,2.0,"Garage, Built-in",BI-LEVEL,CONVENTIONAL HOUSE,HOUSE,1,AVERAGE,CONVENTIONAL HOUSE,0,Resale,298275.0,262.1
1695633,"7,8",0.1546373,6736,NO POOL,13.0,CENTURY WEST,150,5111 TEN SLEEP DR,CHEYENNE,4938,C030,Rooftop,16856031afb1b236f0d628bb802eac71,SFR,SINGLE FAMILY RESIDENCE,1978,10,,FORCED AIR,1368,1808,1368,1368,LIVING SQFT,1368,2,3.0,,,Y,YES,FRAME,COMPOSITION SHINGLE,GABLE,WOOD,"Garage, Built-in",440.0,2.0,"Garage, Built-in",SPLIT LEVEL,CONVENTIONAL HOUSE,HOUSE,2,AVERAGE,CONVENTIONAL HOUSE,0,,,
1695634,9,0.231405,10080,NO POOL,13.0,CENTURY WEST,150,5101 TEN SLEEP DR,CHEYENNE,4938,C030,Rooftop,16856031afb1b236f0d628bb802eac71,SFR,SINGLE FAMILY RESIDENCE,1978,10,,FORCED AIR,1616,2892,1616,1616,LIVING SQFT,1616,3,3.0,792.0,FINISHED,Y,YES,FRAME,COMPOSITION SHINGLE,GABLE/HIP,ALUMINUM/VINYL,"Garage, Attached",484.0,2.0,"Garage, Attached",RANCH,CONVENTIONAL HOUSE,HOUSE,1,AVERAGE,CONVENTIONAL HOUSE,0,Nominal/Quit Claim,,
1695635,11,0.1492195,6500,NO POOL,12.0,CENTURY WEST,150,5200 TEN SLEEP DR,CHEYENNE,4958,C030,Rooftop,16856031afb1b236f0d628bb802eac71,SFR,SINGLE FAMILY RESIDENCE,1978,10,YES,FORCED AIR,1584,2696,1584,1584,LIVING SQFT,1584,3,4.0,672.0,FINISHED,Y,YES,FRAME,COMPOSITION SHINGLE,GABLE,WOOD,"Garage, Attached",440.0,2.0,"Garage, Attached",,CONVENTIONAL HOUSE,HOUSE,2,AVERAGE,CONVENTIONAL HOUSE,0,,,
1695636,12,0.1492195,6500,NO POOL,12.0,CENTURY WEST,150,5210 TEN SLEEP DR,CHEYENNE,4958,C030,Rooftop,16856031afb1b236f0d628bb802eac71,SFR,SINGLE FAMILY RESIDENCE,1978,10,YES,FORCED AIR,1416,2748,1416,1416,LIVING SQFT,1416,3,3.0,828.0,FINISHED,,,FRAME,COMPOSITION SHINGLE,GABLE/HIP,WOOD,"Garage, Attached",504.0,2.0,"Garage, Attached",RANCH,CONVENTIONAL HOUSE,HOUSE,1,AVERAGE,CONVENTIONAL HOUSE,0,Resale,455625.0,321.77
1695637,13,0.1492195,6500,NO POOL,12.0,CENTURY WEST,150,5220 TEN SLEEP DR,CHEYENNE,4958,C030,Rooftop,16856031afb1b236f0d628bb802eac71,SFR,SINGLE FAMILY RESIDENCE,1978,10,,FORCED AIR,1138,2464,1138,1138,LIVING SQFT,1138,3,3.0,842.0,FINISHED,Y,YES,FRAME,COMPOSITION SHINGLE,GABLE/HIP,WOOD,"Garage, Built-in",484.0,2.0,"Garage, Built-in",BI-LEVEL,CONVENTIONAL HOUSE,HOUSE,1,AVERAGE,CONVENTIONAL HOUSE,0,Resale,249287.0,219.06
2082662,16,0.0424702,1850,NO POOL,1.0,REDWOOD VILLA,150,5011 E VILLA CIR,CHEYENNE,4789,C043,Rooftop,16856031afb1b236f0d628bb802eac71,TOWNHOUSE/ROWHOUSE,TOWNHOUSE,1992,10,YES,FORCED AIR,1256,2216,1256,1256,LIVING SQFT,1256,2,3.0,720.0,FINISHED,,,FRAME,COMPOSITION SHINGLE,GABLE,WOOD,"Garage, Attached",240.0,1.0,"Garage, Attached",TOWNHOUSE,MISCELLANEOUS,MISCELLANEOUS,2,AVERAGE,MISCELLANEOUS,0,Resale,172873.0,137.64
2082663,4,0.2099174,9144,NO POOL,4.0,YELLOWSTONE ADDITION,150,237 CARROLL AVE,CHEYENNE,4726,C043,Rooftop,16856031afb1b236f0d628bb802eac71,SFR,SINGLE FAMILY RESIDENCE,1956,10,,FORCED AIR,864,1728,864,864,LIVING SQFT,864,2,2.0,864.0,FINISHED,,,FRAME,COMPOSITION SHINGLE,GABLE,ALUMINUM/VINYL,"Garage, Detached",864.0,3.0,"Garage, Detached",RANCH,CONVENTIONAL HOUSE,HOUSE,1,FAIR,CONVENTIONAL HOUSE,0,,,
2082664,27,0.1521809,6629,NO POOL,3.0,SPRING VALLEY ADDITION,150,5521 TOWNSEND PL,CHEYENNE,3746,C043,Rooftop,16856031afb1b236f0d628bb802eac71,SFR,SINGLE FAMILY RESIDENCE,1984,10,YES,FORCED AIR,1320,2594,1320,1320,LIVING SQFT,1320,3,3.0,744.0,FINISHED,,,FRAME,COMPOSITION SHINGLE,GABLE,WOOD,"Garage, Built-in",530.0,2.0,"Garage, Built-in",BI-LEVEL,CONVENTIONAL HOUSE,HOUSE,1,AVERAGE,CONVENTIONAL HOUSE,0,Resale,360606.0,273.19
2082665,5,0.2098944,9143,NO POOL,3.0,YELLOWSTONE ADDITION,150,127 CARROLL AVE,CHEYENNE,4728,C043,Rooftop,16856031afb1b236f0d628bb802eac71,SFR,SINGLE FAMILY RESIDENCE,1961,10,YES,FORCED AIR,1455,2489,1455,1455,LIVING SQFT,1455,2,2.0,660.0,FINISHED,Y,YES,FRAME,COMPOSITION SHINGLE,HIP,BRICK/STONE (BRICK AND/OR STONE),"Garage, Attached",374.0,1.0,"Garage, Attached",RANCH,CONVENTIONAL HOUSE,HOUSE,1,FAIR,CONVENTIONAL HOUSE,0,,,
2082667,5,0.0406336,1770,NO POOL,,WESTGATE VILLAGE,150,208 LAKESHORE DR,CHEYENNE,4006,C046,Rooftop,16856031afb1b236f0d628bb802eac71,TOWNHOUSE/ROWHOUSE,TOWNHOUSE,1978,10,YES,FORCED AIR,1293,3092,1293,1293,LIVING SQFT,1293,2,3.0,1293.0,FINISHED,,,FRAME,COMPOSITION SHINGLE,GABLE,WOOD,"Garage, Attached",506.0,2.0,"Garage, Attached",TOWNHOUSE,MISCELLANEOUS,MISCELLANEOUS,1,AVERAGE,MISCELLANEOUS,0,Resale,356250.0,275.52
2082668,12,0.1763085,7680,NO POOL,3.0,REDMOND ADDITION,150,5110 REDMOND RD,CHEYENNE,4739,C043,Rooftop,16856031afb1b236f0d628bb802eac71,SFR,SINGLE FAMILY RESIDENCE,1959,10,,FORCED AIR,960,1920,960,960,LIVING SQFT,960,2,2.0,960.0,FINISHED,,,FRAME,COMPOSITION SHINGLE,GABLE,ALUMINUM/VINYL,"Garage, Detached",700.0,2.0,"Garage, Detached",RANCH,CONVENTIONAL HOUSE,HOUSE,1,LOW,CONVENTIONAL HOUSE,0,Resale,305834.0,318.58
2082669,3,0.2199954,9583,NO POOL,1.0,FAIRWAY ADDITION,150,320 MANEWAL DR,CHEYENNE,4003,C046,Rooftop,16856031afb1b236f0d628bb802eac71,SFR,SINGLE FAMILY RESIDENCE,1958,10,,FORCED AIR,960,1408,960,960,LIVING SQFT,960,1,1.0,,,,,FRAME,COMPOSITION SHINGLE,GABLE,ALUMINUM/VINYL,"Garage, Attached",448.0,2.0,"Garage, Attached",RANCH,CONVENTIONAL HOUSE,HOUSE,1,LOW,CONVENTIONAL HOUSE,0,Resale,,
2082670,1,0.0987374,4301,NO POOL,1.0,REDWOOD VILLA,150,5002 W VILLA CIR,CHEYENNE,4786,C043,Rooftop,16856031afb1b236f0d628bb802eac71,TOWNHOUSE/ROWHOUSE,TOWNHOUSE,1985,10,YES,FORCED AIR,1396,2608,1396,1396,LIVING SQFT,1396,3,3.0,708.0,FINISHED,,,FRAME,COMPOSITION SHINGLE,GABLE,WOOD,"Garage, Attached",504.0,2.0,"Garage, Attached",TOWNHOUSE,MISCELLANEOUS,MISCELLANEOUS,2,AVERAGE,MISCELLANEOUS,0,Resale,163000.0,116.76
2082671,19,0.1591598,6933,NO POOL,1.0,SPRING VALLEY ADDITION,150,5409 FREDERICK DR,CHEYENNE,4116,C043,Rooftop,16856031afb1b236f0d628bb802eac71,SFR,SINGLE FAMILY RESIDENCE,1959,10,YES,FORCED AIR,1755,3135,1755,1755,LIVING SQFT,1755,3,3.0,1380.0,FINISHED,Y,YES,FRAME,COMPOSITION SHINGLE,HIP,BRICK/STONE (BRICK AND/OR STONE),"Garage, Detached",416.0,2.0,"Garage, Detached",RANCH,CONVENTIONAL HOUSE,HOUSE,1,FAIR,CONVENTIONAL HOUSE,0,Resale,200000.0,113.96
2082672,21,0.1721763,7500,NO POOL,1.0,WESTGATE ADDITION,150,201 CRESTLINE AVE,CHEYENNE,4087,C046,Rooftop,16856031afb1b236f0d628bb802eac71,SFR,SINGLE FAMILY RESIDENCE,1992,10,YES,FORCED AIR,2016,2792,2016,2016,LIVING SQFT,2016,3,3.0,280.0,,,,FRAME,CONCRETE                     ,GABLE,ALUMINUM/VINYL,"Garage, Built-in",496.0,2.0,"Garage, Built-in",SPLIT LEVEL,CONVENTIONAL HOUSE,HOUSE,2,AVERAGE,CONVENTIONAL HOUSE,0,Resale,377500.0,187.25
2082673,13,0.0424013,1847,NO POOL,,WESTGATE VILLAGE,150,5432 MEADOWBROOK DR,CHEYENNE,4022,C046,Rooftop,16856031afb1b236f0d628bb802eac71,TOWNHOUSE/ROWHOUSE,TOWNHOUSE,1980,10,YES,FORCED AIR,1301,3092,1301,1301,LIVING SQFT,1301,2,3.0,1293.0,FINISHED,,,FRAME,COMPOSITION SHINGLE,GABLE,WOOD,"Garage, Attached",506.0,2.0,"Garage, Attached",TOWNHOUSE,MISCELLANEOUS,MISCELLANEOUS,1,AVERAGE,MISCELLANEOUS,0,Resale,,
2082674,"6,7",0.0677227,2950,NO POOL,1.0,GMS SUBDIVISION,150,5412 RYAN AVE,CHEYENNE,3744,C043,Rooftop,16856031afb1b236f0d628bb802eac71,TOWNHOUSE/ROWHOUSE,TOWNHOUSE,1995,10,YES,FORCED AIR,1636,2880,1636,1636,LIVING SQFT,1636,3,4.0,715.0,FINISHED,,,FRAME,COMPOSITION SHINGLE,GABLE,ALUMINUM/VINYL,"Garage, Built-in",529.0,2.0,"Garage, Built-in",TOWNHOUSE,MISCELLANEOUS,MISCELLANEOUS,2,AVERAGE,MISCELLANEOUS,0,Resale,460750.0,281.63
2082675,10,0.044697,1947,NO POOL,,WESTGATE VILLAGE,150,219 CASCADE AVE,CHEYENNE,4025,C046,Rooftop,16856031afb1b236f0d628bb802eac71,TOWNHOUSE/ROWHOUSE,TOWNHOUSE,1979,10,YES,FORCED AIR,1937,3415,1937,1937,LIVING SQFT,1937,2,2.0,994.0,FINISHED,,,FRAME,COMPOSITION SHINGLE,GABLE,WOOD,"Garage, Built-in",484.0,2.0,"Garage, Built-in",SPLIT LEVEL,MISCELLANEOUS,MISCELLANEOUS,2,AVERAGE,MISCELLANEOUS,0,Resale,332000.0,171.4
2082676,13,0.1893939,8250,NO POOL,1.0,YELLOWSTONE ADDITION,150,214 CARROLL AVE,CHEYENNE,4727,C043,Rooftop,16856031afb1b236f0d628bb802eac71,SFR,SINGLE FAMILY RESIDENCE,1955,10,WALL UNIT,FORCED AIR,802,1890,802,802,LIVING SQFT,802,2,2.0,802.0,FINISHED,,,FRAME,COMPOSITION SHINGLE,HIP,ALUMINUM/VINYL,"Garage, Attached",286.0,1.0,"Garage, Attached",RANCH,CONVENTIONAL HOUSE,HOUSE,1,FAIR,CONVENTIONAL HOUSE,0,Resale,200063.0,249.46
2082677,14,0.2059229,8970,NO POOL,3.0,YELLOWSTONE ADDITION,150,128 DELL RANGE BLVD,CHEYENNE,4706,C043,Rooftop,16856031afb1b236f0d628bb802eac71,SFR,SINGLE FAMILY RESIDENCE,1935,10,,FORCED AIR,1010,2260,1010,1010,LIVING SQFT,1010,2,2.0,1010.0,FINISHED,Y,YES,FRAME,COMPOSITION SHINGLE,GABLE,STUCCO,"Garage, Attached",240.0,1.0,"Garage, Attached",RANCH,CONVENTIONAL HOUSE,HOUSE,1,FAIR,CONVENTIONAL HOUSE,0,Resale,321335.0,318.15
2082678,16,0.2090909,9108,NO POOL,3.0,YELLOWSTONE ADDITION,150,138 DELL RANGE BLVD,CHEYENNE,4706,C043,Rooftop,16856031afb1b236f0d628bb802eac71,SFR,SINGLE FAMILY RESIDENCE,1918,10,,FORCED AIR,1599,2739,1599,1599,LIVING SQFT,1599,1,2.0,1140.0,FINISHED,Y,YES,FRAME,COMPOSITION SHINGLE,GABLE,ALUMINUM/VINYL,"Garage, Detached",336.0,1.0,"Garage, Detached",,CONVENTIONAL HOUSE,HOUSE,2,AVERAGE,CONVENTIONAL HOUSE,0,,,
2082679,12-14,0.2512856,10946,NO POOL,3.0,YELLOWSTONE ADDITION,150,120 DELL RANGE BLVD,CHEYENNE,4706,C043,Rooftop,16856031afb1b236f0d628bb802eac71,SFR,SINGLE FAMILY RESIDENCE,1955,10,,FORCED AIR,1996,2700,1996,1996,LIVING SQFT,1996,2,2.0,,,Y,YES,FRAME,URETHANE,GABLE,BRICK/STONE (BRICK AND/OR STONE),"Garage, Attached",704.0,2.0,"Garage, Attached",RANCH,CONVENTIONAL HOUSE,HOUSE,1,FAIR,CONVENTIONAL HOUSE,0,Resale,181114.0,90.74
2082680,17,0.2090909,9108,NO POOL,3.0,YELLOWSTONE ADDITION,150,146 DELL RANGE BLVD,CHEYENNE,4706,C043,Rooftop,16856031afb1b236f0d628bb802eac71,SFR,SINGLE FAMILY RESIDENCE,1965,10,,FORCED AIR,1008,2304,1008,1008,LIVING SQFT,1008,2,2.0,1008.0,FINISHED,,,FRAME,COMPOSITION SHINGLE,HIP,ALUMINUM/VINYL,"Garage, Attached",288.0,1.0,"Garage, Attached",RANCH,CONVENTIONAL HOUSE,HOUSE,1,FAIR,CONVENTIONAL HOUSE,0,,,
2082681,18,0.2089302,9101,NO POOL,3.0,YELLOWSTONE ADDITION,150,5000 SUNSET DR,CHEYENNE,4752,C043,Rooftop,16856031afb1b236f0d628bb802eac71,SFR,SINGLE FAMILY RESIDENCE,1965,10,,FORCED AIR,1606,1894,1606,1606,LIVING SQFT,1606,2,2.0,,,,,FRAME,COMPOSITION SHINGLE,GABLE,ALUMINUM/VINYL,"Garage, Attached",288.0,1.0,"Garage, Attached",SPLIT LEVEL,CONVENTIONAL HOUSE,HOUSE,2,AVERAGE,CONVENTIONAL HOUSE,0,Resale,182250.0,113.48
2082682,1,0.2098944,9143,NO POOL,3.0,YELLOWSTONE ADDITION,150,149 CARROLL AVE,CHEYENNE,4728,C043,Rooftop,16856031afb1b236f0d628bb802eac71,SFR,SINGLE FAMILY RESIDENCE,1959,10,,FORCED AIR,1139,2278,1139,1139,LIVING SQFT,1139,2,2.0,1139.0,FINISHED,,,FRAME,COMPOSITION SHINGLE,HIP,BRICK/STONE (BRICK AND/OR STONE),"Garage, Detached",286.0,1.0,"Garage, Detached",RANCH,CONVENTIONAL HOUSE,HOUSE,1,FAIR,CONVENTIONAL HOUSE,0,Resale,165500.0,145.3
2082683,2,0.2098944,9143,NO POOL,3.0,YELLOWSTONE ADDITION,150,145 CARROLL AVE,CHEYENNE,4728,C043,Rooftop,16856031afb1b236f0d628bb802eac71,SFR,SINGLE FAMILY RESIDENCE,1959,10,,FORCED AIR,1128,2574,1128,1128,LIVING SQFT,1128,2,2.0,1128.0,FINISHED,,,FRAME,COMPOSITION SHINGLE,GABLE,BRICK/STONE (BRICK AND/OR STONE),"Garage, Attached",318.0,1.0,"Garage, Attached",RANCH,CONVENTIONAL HOUSE,HOUSE,1,FAIR,CONVENTIONAL HOUSE,0,Resale,154688.0,137.13
2082685,3,0.2098944,9143,NO POOL,3.0,YELLOWSTONE ADDITION,150,137 CARROLL AVE,CHEYENNE,4728,C043,Rooftop,16856031afb1b236f0d628bb802eac71,SFR,SINGLE FAMILY RESIDENCE,1959,10,,FORCED AIR,1173,2588,1173,1173,LIVING SQFT,1173,2,2.0,1173.0,FINISHED,,,FRAME,COMPOSITION SHINGLE,GABLE,BRICK/STONE (BRICK AND/OR STONE),"Garage, Attached",242.0,1.0,"Garage, Attached",RANCH,CONVENTIONAL HOUSE,HOUSE,1,FAIR,CONVENTIONAL HOUSE,0,Resale,238500.0,203.32
2082686,4,0.2098944,9143,NO POOL,3.0,YELLOWSTONE ADDITION,150,131 CARROLL AVE,CHEYENNE,4728,C043,Rooftop,16856031afb1b236f0d628bb802eac71,SFR,SINGLE FAMILY RESIDENCE,1960,10,,FORCED AIR,1218,2722,1218,1218,LIVING SQFT,1218,2,2.0,1218.0,FINISHED,,,FRAME,COMPOSITION SHINGLE,GABLE,BRICK/STONE (BRICK AND/OR STONE),"Garage, Attached",286.0,1.0,"Garage, Attached",RANCH,CONVENTIONAL HOUSE,HOUSE,1,FAIR,CONVENTIONAL HOUSE,0,Resale,,
2258323,4,4.18,182081,,5.0,CHERRY HILLS OF CHEYENNE,117,4283 CHERRY WINE DR,CHEYENNE,8104,R012,Rooftop,16856031afb1b236f0d628bb802eac71,SFR,SINGLE FAMILY RESIDENCE,2003,10,YES,FORCED AIR,1485,3559,1485,1485,LIVING SQFT,1485,3,3.0,1435.0,FINISHED,,,FRAME,COMPOSITION SHINGLE,GABLE,WOOD,"Garage, Attached",651.0,2.0,"Garage, Attached",RANCH,CONVENTIONAL HOUSE,HOUSE,1,AVERAGE,CONVENTIONAL HOUSE,0,Resale,246250.0,165.82
2258324,,2.2,95832,NO POOL,,MESA TRACTS,117,9329 BLUE MESA RD,CHEYENNE,8405,R012,Rooftop,16856031afb1b236f0d628bb802eac71,SFR,SINGLE FAMILY RESIDENCE,1995,10,YES,FORCED AIR,1297,3271,1297,1297,LIVING SQFT,1297,3,3.0,1267.0,FINISHED,,,FRAME,COMPOSITION SHINGLE,GABLE,ALUMINUM/VINYL,"Garage, Attached",707.0,2.0,"Garage, Attached",RANCH,CONVENTIONAL HOUSE,HOUSE,1,FAIR,CONVENTIONAL HOUSE,0,Resale,228750.0,176.37
2258325,5,5.95,259182,NO POOL,7.0,CHERRY HILLS OF CHEYENNE,117,9701 CHERRY WOOD LN,CHEYENNE,9477,R012,Rooftop,16856031afb1b236f0d628bb802eac71,SFR,SINGLE FAMILY RESIDENCE,1998,10,,FORCED AIR,1612,3829,1612,1612,LIVING SQFT,1612,3,3.0,1596.0,FINISHED,,,FRAME,COMPOSITION SHINGLE,GABLE,WOOD,"Garage, Attached",621.0,2.0,"Garage, Attached",RANCH,CONVENTIONAL HOUSE,HOUSE,1,AVERAGE,CONVENTIONAL HOUSE,0,Resale,356250.0,221.0
2258326,2,5.0,217800,,8.0,CHERRY HILLS OF CHEYENNE,117,10663 CHOKE CHERRY RD,CHEYENNE,9752,R012,Rooftop,16856031afb1b236f0d628bb802eac71,SFR,SINGLE FAMILY RESIDENCE,2005,10,YES,FORCED AIR,1676,3856,1676,1676,LIVING SQFT,1676,2,2.0,1676.0,,,,FRAME,COMPOSITION SHINGLE,GABLE,ALUMINUM/VINYL,Mixed,360.0,3.0,Mixed,RANCH,CONVENTIONAL HOUSE,HOUSE,1,AVERAGE,CONVENTIONAL HOUSE,0,Resale,305000.0,181.98
2258327,7,4.86,211702,NO POOL,5.0,CHERRY HILLS OF CHEYENNE,117,11191 CHERRY WOOD LN,CHEYENNE,8110,R012,Rooftop,16856031afb1b236f0d628bb802eac71,SFR,SINGLE FAMILY RESIDENCE,2004,10,YES,FORCED AIR,1660,3826,1660,1660,LIVING SQFT,1660,3,3.0,1660.0,FINISHED,,,FRAME,COMPOSITION SHINGLE,GABLE,ALUMINUM/VINYL,"Garage, Attached",506.0,2.0,"Garage, Attached",RANCH,CONVENTIONAL HOUSE,HOUSE,1,AVERAGE,CONVENTIONAL HOUSE,0,Resale,325000.0,195.78
2258328,,4.49,195584,NO POOL,,WIND SONG ESTATES,117,8920 CLEAR SKY DR,CHEYENNE,9751,R007,Rooftop,16856031afb1b236f0d628bb802eac71,SFR,SINGLE FAMILY RESIDENCE,2004,10,YES,FORCED AIR,1504,3584,1504,1504,LIVING SQFT,1504,2,3.0,1504.0,FINISHED,,,FRAME,COMPOSITION SHINGLE,GABLE/HIP,ALUMINUM/VINYL,Mixed,1200.0,7.0,Mixed,RANCH,CONVENTIONAL HOUSE,HOUSE,1,AVERAGE,CONVENTIONAL HOUSE,0,,,
2258329,3,4.56,198634,,2.0,CHERRY HILLS OF CHEYENNE,117,10134 ORCHARD DR,CHEYENNE,9491,R012,Rooftop,16856031afb1b236f0d628bb802eac71,SFR,SINGLE FAMILY RESIDENCE,1998,10,YES,FORCED AIR,1922,3513,1922,1922,LIVING SQFT,1922,3,3.0,1015.0,FINISHED,,,FRAME,COMPOSITION SHINGLE,GABLE,ALUMINUM/VINYL,"Garage, Attached",576.0,2.0,"Garage, Attached",,CONVENTIONAL HOUSE,HOUSE,2,AVERAGE,CONVENTIONAL HOUSE,0,Resale,256869.0,133.65
2258330,,8.5,370260,NO POOL,,TRIPLE CROWN ESTATES,101,1221 AFFIRMED RD,CHEYENNE,8103,R002,Rooftop,16856031afb1b236f0d628bb802eac71,SFR,SINGLE FAMILY RESIDENCE,2004,10,YES,FORCED AIR,1694,4044,1694,1694,LIVING SQFT,1694,3,4.0,1674.0,FINISHED,,,FRAME,COMPOSITION SHINGLE,GABLE,ALUMINUM/VINYL,"Garage, Attached",676.0,2.0,"Garage, Attached",RANCH,CONVENTIONAL HOUSE,HOUSE,1,AVERAGE,CONVENTIONAL HOUSE,0,Resale,187375.0,110.61
2258331,1,4.2,182952,NO POOL,2.0,CHERRY HILLS OF CHEYENNE,117,4496 CHERRY BLOSSOM DR,CHEYENNE,9481,R012,Rooftop,16856031afb1b236f0d628bb802eac71,SFR,SINGLE FAMILY RESIDENCE,1998,10,,FORCED AIR,1570,2916,1570,1570,LIVING SQFT,1570,3,3.0,946.0,FINISHED,,,FRAME,COMPOSITION SHINGLE,GABLE,WOOD,"Garage, Attached",400.0,2.0,"Garage, Attached",,CONVENTIONAL HOUSE,HOUSE,2,AVERAGE,CONVENTIONAL HOUSE,0,Resale,,
2258332,4,4.58,199505,NO POOL,1.0,CHERRY HILLS OF CHEYENNE,117,10794 ORCHARD DR,CHEYENNE,9492,R012,Rooftop,16856031afb1b236f0d628bb802eac71,SFR,SINGLE FAMILY RESIDENCE,1999,10,YES,FORCED AIR,1675,3936,1675,1675,LIVING SQFT,1675,3,3.0,1661.0,FINISHED,,,FRAME,COMPOSITION SHINGLE,GABLE,WOOD,"Garage, Attached",600.0,2.0,"Garage, Attached",RANCH,CONVENTIONAL HOUSE,HOUSE,1,AVERAGE,CONVENTIONAL HOUSE,0,Resale,518281.0,309.42
2258333,1,4.28,186437,NO POOL,6.0,CHERRY HILLS OF CHEYENNE,117,10797 CHERRY WOOD LN,CHEYENNE,9454,R012,Rooftop,16856031afb1b236f0d628bb802eac71,SFR,SINGLE FAMILY RESIDENCE,2003,10,YES,FORCED AIR,1600,3808,1600,1600,LIVING SQFT,1600,3,3.0,1600.0,FINISHED,,,FRAME,COMPOSITION SHINGLE,GABLE,WOOD,"Garage, Attached",608.0,2.0,"Garage, Attached",RANCH,CONVENTIONAL HOUSE,HOUSE,1,AVERAGE,CONVENTIONAL HOUSE,0,Resale,525000.0,328.13
